run_date,lead_id,hotel_name,city,hotel_type_or_segment,website,instagram,phone,verified_email,email_source_url,website_source_url,instagram_source_url,phone_source_url,decision_maker_name,decision_maker_source_url,confidence_score,short_note,reason_for_fit,validation_notes
2026-06-14,a-la-sofia-hotel-alasofiahotel-com-a4a35bd5a7,A'la Sofia Hotel,,hotel,https://www.alasofiahotel.com/tr,,+902125189505,info@alasofiahotel.com,https://www.alasofiahotel.com/tr,https://www.alasofiahotel.com/tr,,https://www.alasofiahotel.com/tr,,,100,Verified hotel page with source-valid email and phone. Checked 4 page(s).,Hotel/accommodation keywords verified.,"Email extracted from official/relevant page HTML/text.; Checked URLs: https://www.alasofiahotel.com/tr, https://www.alasofiahotel.com/tr/about, https://www.alasofiahotel.com/tr/contact, https://www.alasofiahotel.com/tr/kvkk; No inferred email used."
2026-06-14,acra-hotel-acrahotel-com-e65a2662f0,Acra Hotel,,hotel,https://acrahotel.com/,,+902124589410,acra@acrahotel.com,https://acrahotel.com/,https://acrahotel.com/,,https://acrahotel.com/,,,100,Verified hotel page with source-valid email and phone. Checked 3 page(s).,Hotel/accommodation keywords verified.,"Email decoded from Cloudflare email-protection on official hotel page.; Checked URLs: https://acrahotel.com/, https://acrahotel.com/about-us, https://acrahotel.com/contact; No inferred email used."
2026-06-14,adamar-hotel-sultanahmet-istanbul-adamarhotel-com-c8f513220e,Adamar Hotel Sultanahmet Istanbul,,hotel,https://adamarhotel.com/,,+902125111937,info@adamarhotel.com,https://adamarhotel.com/,https://adamarhotel.com/,,https://adamarhotel.com/contact/,,,100,Verified hotel page with source-valid email and phone. Checked 4 page(s).,Hotel/accommodation keywords verified.,"Email extracted from mailto link on official/relevant page.; Checked URLs: https://adamarhotel.com/, https://adamarhotel.com/about-us/, https://adamarhotel.com/contact/, https://adamarhotel.com/contact/; No inferred email used."
2026-06-14,agora-life-hotel-agoralifehotel-com-8a9819ddf1,Agora Life Hotel,,hotel,https://www.agoralifehotel.com/,@agoralifehotel,+902125261181,info@agoralifehotel.com,https://www.agoralifehotel.com/,https://www.agoralifehotel.com/,https://www.agoralifehotel.com/,https://www.agoralifehotel.com/,,,100,Verified hotel page with source-valid email and phone. Checked 3 page(s).,Hotel/accommodation keywords verified.,"Email extracted from mailto link on official/relevant page.; Checked URLs: https://www.agoralifehotel.com/, https://www.agoralifehotel.com/contact-us.php, https://www.agoralifehotel.com/kvkk.php; No inferred email used."
2026-06-14,akb-y-k-suite-boutique-hotel-akbiyiksuite-com-782f4ca344,Akbıyık Suite Boutique Hotel,,hotel,http://www.akbiyiksuite.com/,,+902125171316,info@akbiyiksuite.com,http://www.akbiyiksuite.com/about-us.html,http://www.akbiyiksuite.com/,,http://www.akbiyiksuite.com/,,,100,Verified hotel page with source-valid email and phone. Checked 3 page(s).,Hotel/accommodation keywords verified.,"Email extracted from mailto link on official/relevant page.; Checked URLs: http://www.akbiyiksuite.com/, http://www.akbiyiksuite.com/about-us.html, http://www.akbiyiksuite.com/contact-us.html; No inferred email used."
2026-06-14,alhambra-residence-alhambraaparthotel-com-0bac6ad5a1,Alhambra Residence,,hotel,https://www.alhambraaparthotel.com/,@alhambraapart_hotel,+902126382721,info@alhambraaparthotel.com,https://www.alhambraaparthotel.com/,https://www.alhambraaparthotel.com/,https://www.alhambraaparthotel.com/,https://www.alhambraaparthotel.com/,,,100,Verified hotel page with source-valid email and phone. Checked 4 page(s).,Hotel/accommodation keywords verified.,"Email extracted from mailto link on official/relevant page.; Checked URLs: https://www.alhambraaparthotel.com/, https://www.alhambraaparthotel.com/about-us/, https://www.alhambraaparthotel.com/contact/, https://www.alhambraaparthotel.com/1-2/; No inferred email used."
2026-06-14,all-seasons-hotel-hotelallseasons-com-3957781d25,All Seasons Hotel,,hotel,https://www.hotelallseasons.com/tr,@allseasonsist,+902126358383,reservation@hotelallseasons.com,https://www.hotelallseasons.com/tr/about,https://www.hotelallseasons.com/tr,https://www.hotelallseasons.com/tr,https://www.hotelallseasons.com/tr,,,100,Verified hotel page with source-valid email and phone. Checked 4 page(s).,Hotel/accommodation keywords verified.,"Email decoded from Cloudflare email-protection on official hotel page.; Checked URLs: https://www.hotelallseasons.com/tr, https://www.hotelallseasons.com/tr/about, https://www.hotelallseasons.com/tr/contact, https://www.hotelallseasons.com/tr/kvkk; No inferred email used."
2026-06-14,all-seasons-suites-allseasonssuites-com-c9e0f935b2,All Seasons Suites,,hotel,https://www.allseasonssuites.com/tr,@allseasonssuite,+902125235050,info@allseasonssuites.com,https://www.allseasonssuites.com/tr/about,https://www.allseasonssuites.com/tr,https://www.allseasonssuites.com/tr,https://www.allseasonssuites.com/tr,,,100,Verified hotel page with source-valid email and phone. Checked 4 page(s).,Hotel/accommodation keywords verified.,"Email decoded from Cloudflare email-protection on official hotel page.; Checked URLs: https://www.allseasonssuites.com/tr, https://www.allseasonssuites.com/tr/about, https://www.allseasonssuites.com/tr/contact, https://www.allseasonssuites.com/tr/kvkk; No inferred email used."
2026-06-14,almina-inn-hotel-alminainnhotel-com-12e2cb4f5e,Almina inn Hotel,,hotel,https://alminainnhotel.com/,@almina.inn_hotel,+902125187102,info@alminainnhotel.com,https://alminainnhotel.com/,https://alminainnhotel.com/,https://alminainnhotel.com/,https://alminainnhotel.com/,,,100,Verified hotel page with source-valid email and phone. Checked 7 page(s).,Hotel/accommodation keywords verified.,"Email extracted from mailto link on official/relevant page.; Checked URLs: https://alminainnhotel.com/, https://alminainnhotel.com/kvkk/, https://alminainnhotel.com/booking/ekonomik-oda/, https://alminainnhotel.com/booking/standart-cift-kisilik-oda/, https://alminainnhotel.com/booking/baglantili-aile-odasi/; No inferred email used."
2026-06-14,alpek-hotel-alpekhotel-com-15fbfd0bcd,Alpek Hotel,,hotel,https://alpekhotel.com/,@alpek_hotel,+902125144582,info@alpekhotel.com,https://alpekhotel.com/,https://alpekhotel.com/,https://alpekhotel.com/,https://alpekhotel.com/,,,100,Verified hotel page with source-valid email and phone. Checked 3 page(s).,Hotel/accommodation keywords verified.,"Email decoded from Cloudflare email-protection on official hotel page.; Checked URLs: https://alpekhotel.com/, https://alpekhotel.com/about, https://alpekhotel.com/contact; No inferred email used."
2026-06-14,anadolu-hotel-anadoluhotel-com-ca218f2ca9,Anadolu Hotel,,hotel,http://www.anadoluhotel.com/,@anadoluhotel,+902125121035,info@anadoluhotel.com,http://www.anadoluhotel.com/,http://www.anadoluhotel.com/,http://www.anadoluhotel.com/,http://www.anadoluhotel.com/,,,100,Verified hotel page with source-valid email and phone. Checked 3 page(s).,Hotel/accommodation keywords verified.,"Email extracted from mailto link on official/relevant page.; Checked URLs: http://www.anadoluhotel.com/, http://www.anadoluhotel.com/pages/about, http://www.anadoluhotel.com/pages/contact; No inferred email used."
2026-06-14,antea-hotel-oldcity-anteahotel-com-ad2d343622,Antea Hotel Oldcity,,hotel,http://www.anteahotel.com/,@anteahotel,+902126381121,info@anteahotel.com,http://www.anteahotel.com/contactus.html,http://www.anteahotel.com/,http://www.anteahotel.com/,http://www.anteahotel.com/contactus.html,,,100,Verified hotel page with source-valid email and phone. Checked 3 page(s).,Hotel/accommodation keywords verified.,"Email extracted from mailto link on official/relevant page.; Checked URLs: http://www.anteahotel.com/, http://www.anteahotel.com/reservation.html, http://www.anteahotel.com/contactus.html; No inferred email used."
2026-06-14,antea-palace-hotel-spa-hotelanteapalace-com-20e3a3e929,Antea Palace Hotel & Spa,,hotel,http://hotelanteapalace.com/,,+902124583636,info@hotelanteapalace.com,http://hotelanteapalace.com/,http://hotelanteapalace.com/,,http://hotelanteapalace.com/,,,100,Verified hotel page with source-valid email and phone. Checked 2 page(s).,Hotel/accommodation keywords verified.,"Email extracted from mailto link on official/relevant page.; Checked URLs: http://hotelanteapalace.com/, http://hotelanteapalace.com/contact.html; No inferred email used."
2026-06-14,anthemis-hotel-anthemishotel-com-174f6076ef,Anthemis Hotel,,hotel,https://anthemishotel.com/,,+902125110370,info@anthemishotel.com,https://anthemishotel.com/,https://anthemishotel.com/,,https://anthemishotel.com/,,,100,Verified hotel page with source-valid email and phone. Checked 3 page(s).,Hotel/accommodation keywords verified.,"Email decoded from Cloudflare email-protection on official hotel page.; Checked URLs: https://anthemishotel.com/, https://anthemishotel.com/about.html, https://anthemishotel.com/contact.html; No inferred email used."
2026-06-14,antik-hotel-istanbul-antikhotel-com-de6c85102d,Antik Hotel Istanbul,,hotel,https://www.antikhotel.com/,@antikhotelistanbul,+902126385858,info@antikhotel.com,https://www.antikhotel.com/,https://www.antikhotel.com/,https://www.antikhotel.com/,https://www.antikhotel.com/,,,100,Verified hotel page with source-valid email and phone. Checked 3 page(s).,Hotel/accommodation keywords verified.,"Email extracted from mailto link on official/relevant page.; Checked URLs: https://www.antikhotel.com/, https://www.antikhotel.com/contact, https://www.antikhotel.com/booking; No inferred email used."
2026-06-14,antis-hotel-antishotel-com-5bcb393c32,Antis Hotel,,hotel,http://www.antishotel.com/contact.html,,+902125182021,info@antishotel.com,http://www.antishotel.com/contact.html,http://www.antishotel.com/contact.html,,http://www.antishotel.com/contact.html,,,100,Verified hotel page with source-valid email and phone. Checked 2 page(s).,Hotel/accommodation keywords verified.,"Email extracted from mailto link on official/relevant page.; Checked URLs: http://www.antishotel.com/contact.html, http://www.antishotel.com/online_reservation.html; No inferred email used."
2026-06-14,antusa-design-hotel-spa-antusadesignhotel-com-8867654c3c,Antusa Design Hotel & Spa,,hotel,https://www.antusadesignhotel.com/,,+902125146341,info@antusadesignhotel.com,https://www.antusadesignhotel.com/,https://www.antusadesignhotel.com/,,https://www.antusadesignhotel.com/,,,100,Verified hotel page with source-valid email and phone. Checked 3 page(s).,Hotel/accommodation keywords verified.,"Email decoded from Cloudflare email-protection on official hotel page.; Checked URLs: https://www.antusadesignhotel.com/, https://www.antusadesignhotel.com/pages/about-us, https://www.antusadesignhotel.com/pages/contact; No inferred email used."
2026-06-14,antusa-palace-hotel-antusapalacehotel-com-520fc57794,Antusa Palace Hotel,,hotel,https://www.antusapalacehotel.com/,,+902125110771,info@antusapalacehotel.com,https://www.antusapalacehotel.com/,https://www.antusapalacehotel.com/,,https://www.antusapalacehotel.com/,,,100,Verified hotel page with source-valid email and phone. Checked 3 page(s).,Hotel/accommodation keywords verified.,"Email decoded from Cloudflare email-protection on official hotel page.; Checked URLs: https://www.antusapalacehotel.com/, https://www.antusapalacehotel.com/pages/about-us, https://www.antusapalacehotel.com/pages/contact; No inferred email used."
2026-06-14,arife-sultan-hotel-arifesultanhotel-com-7ba63a1914,Arife Sultan Hotel,,hotel,https://arifesultanhotel.com/,,+902125140373,info@arifesultanhotel.com,https://arifesultanhotel.com/,https://arifesultanhotel.com/,,https://arifesultanhotel.com/,,,100,Verified hotel page with source-valid email and phone. Checked 1 page(s).,Hotel/accommodation keywords verified.,Email extracted from mailto link on official/relevant page.; Checked URLs: https://arifesultanhotel.com/; No inferred email used.
2026-06-14,aristocrat-hotel-sultanahmet-aristocrathotel-com-33625acb78,Aristocrat Hotel Sultanahmet,,hotel,https://aristocrathotel.com/,@aristocratotel,+901843133517,info@aristocrathotel.com,https://aristocrathotel.com/,https://aristocrathotel.com/,https://aristocrathotel.com/,https://aristocrathotel.com/,,,100,Verified hotel page with source-valid email and phone. Checked 3 page(s).,Hotel/accommodation keywords verified.,"Email decoded from Cloudflare email-protection on official hotel page.; Checked URLs: https://aristocrathotel.com/, https://aristocrathotel.com/about/, https://aristocrathotel.com/contact-sultanahmet-hotels/; No inferred email used."
2026-06-14,arven-hotel-arvenhotel-com-8915073eda,Arven Hotel,,hotel,http://www.arvenhotel.com/,,+902124580910,info@arvenhotel.com,http://www.arvenhotel.com/,http://www.arvenhotel.com/,,http://www.arvenhotel.com/,,,100,Verified hotel page with source-valid email and phone. Checked 3 page(s).,Hotel/accommodation keywords verified.,"Email extracted from official/relevant page HTML/text.; Checked URLs: http://www.arvenhotel.com/, http://www.arvenhotel.com/sayfa/about-us, http://www.arvenhotel.com/iletisim; No inferred email used."
2026-06-14,asko-hotel-askochotel-com-0393ce8e4b,Askoç Hotel,,hotel,https://askochotel.com,,+902125118089,info@askochotel.com,https://askochotel.com,https://askochotel.com,,https://askochotel.com,,,100,Verified hotel page with source-valid email and phone. Checked 5 page(s).,Hotel/accommodation keywords verified.,"Email extracted from mailto link on official/relevant page.; Checked URLs: https://askochotel.com, https://askochotel.com/en/about/, https://askochotel.com/en/contact/, https://askochotel.com/en/about, https://askochotel.com/en/contact; No inferred email used."
2026-06-14,asur-hotelasur-com-c91f47013e,Asur,,hotel,https://hotelasur.com/,@asurhotel,+905072462397,info@hotelasur.com,https://hotelasur.com/,https://hotelasur.com/,https://hotelasur.com/,https://hotelasur.com/,,,100,Verified hotel page with source-valid email and phone. Checked 3 page(s).,Hotel/accommodation keywords verified.,"Email decoded from Cloudflare email-protection on official hotel page.; Checked URLs: https://hotelasur.com/, https://hotelasur.com/kurumsal.php, https://hotelasur.com/iletisim.php; No inferred email used."
2026-06-14,avicenna-hotel-avicennahotel-com-afb1512e83,Avicenna Hotel,,hotel,http://www.avicennahotel.com/,@avicennahotel,+905055267434,info@avicennahotel.com,http://www.avicennahotel.com/,http://www.avicennahotel.com/,http://www.avicennahotel.com/,http://www.avicennahotel.com/,,,100,Verified hotel page with source-valid email and phone. Checked 3 page(s).,Hotel/accommodation keywords verified.,"Email decoded from Cloudflare email-protection on official hotel page.; Checked URLs: http://www.avicennahotel.com/, http://www.avicennahotel.com/pages/about-us, http://www.avicennahotel.com/pages/contact; No inferred email used."
2026-06-14,avrasya-port-hotel-avrasyaport-com-b14cf65369,Avrasya Port Hotel,,hotel,https://www.avrasyaport.com/,@avrasyaportotel,+902125862636,info@avrasyaport.com,https://www.avrasyaport.com/,https://www.avrasyaport.com/,https://www.avrasyaport.com/,https://www.avrasyaport.com/,,,100,Verified hotel page with source-valid email and phone. Checked 3 page(s).,Hotel/accommodation keywords verified.,"Email extracted from mailto link on official/relevant page.; Checked URLs: https://www.avrasyaport.com/, https://www.avrasyaport.com/iletisim.aspx, https://www.avrasyaport.com/hakkimizda-1; No inferred email used."
2026-06-14,ayasultan-hotel-istanbul-ayasultanhotel-com-e87b41d4b6,Ayasultan Hotel Istanbul,,hotel,https://www.ayasultanhotel.com/tr,@ayasultanhotel,+902125192222,info@ayasultanhotel.com,https://www.ayasultanhotel.com/tr/about,https://www.ayasultanhotel.com/tr,https://www.ayasultanhotel.com/tr,https://www.ayasultanhotel.com/tr,,,100,Verified hotel page with source-valid email and phone. Checked 4 page(s).,Hotel/accommodation keywords verified.,"Email decoded from Cloudflare email-protection on official hotel page.; Checked URLs: https://www.ayasultanhotel.com/tr, https://www.ayasultanhotel.com/tr/about, https://www.ayasultanhotel.com/tr/contact, https://www.ayasultanhotel.com/tr/kvkk; No inferred email used."
2026-06-14,aybar-hotel-hotelaybar-com-36983e8700,Aybar Hotel,,hotel,http://hotelaybar.com/,@aybar_hotel,+902125281161,reservation@hotelaybar.com,http://hotelaybar.com/contact.html,http://hotelaybar.com/,http://hotelaybar.com/,http://hotelaybar.com/,,,100,Verified hotel page with source-valid email and phone. Checked 3 page(s).,Hotel/accommodation keywords verified.,"Email extracted from mailto link on official/relevant page.; Checked URLs: http://hotelaybar.com/, http://hotelaybar.com/reservation.html, http://hotelaybar.com/contact.html; No inferred email used."
2026-06-14,balpetek-hotel-balpetekhotel-com-5bda793aa9,BALPETEK HOTEL,,hotel,https://www.balpetekhotel.com/,@balpetekhotel,+902125208866,info@balpetekhotel.com,https://www.balpetekhotel.com/,https://www.balpetekhotel.com/,https://www.balpetekhotel.com/,https://www.balpetekhotel.com/,,,100,Verified hotel page with source-valid email and phone. Checked 1 page(s).,Hotel/accommodation keywords verified.,Email decoded from Cloudflare email-protection on official hotel page.; Checked URLs: https://www.balpetekhotel.com/; No inferred email used.
2026-06-14,barin-hotel-barinhotel-com-d12bdfac66,Barin Hotel,,hotel,https://www.barinhotel.com/tr,@barinhotel,+902125139100,info@barinhotel.com,https://www.barinhotel.com/tr/about,https://www.barinhotel.com/tr,https://www.barinhotel.com/tr,https://www.barinhotel.com/tr,,,100,Verified hotel page with source-valid email and phone. Checked 4 page(s).,Hotel/accommodation keywords verified.,"Email decoded from Cloudflare email-protection on official hotel page.; Checked URLs: https://www.barinhotel.com/tr, https://www.barinhotel.com/tr/about, https://www.barinhotel.com/tr/contact, https://www.barinhotel.com/tr/kvkk; No inferred email used."
2026-06-14,baron-hotel-baronhotel-com-tr-6580f6ef98,Baron Hotel,,hotel,http://www.baronhotel.com.tr/,,+902125167025,info@baronhotel.com,http://www.baronhotel.com.tr/,http://www.baronhotel.com.tr/,,http://www.baronhotel.com.tr/,,,100,Verified hotel page with source-valid email and phone. Checked 2 page(s).,Hotel/accommodation keywords verified.,"Email extracted from mailto link on official/relevant page.; Checked URLs: http://www.baronhotel.com.tr/, http://www.baronhotel.com.tr/pages/about.html; No inferred email used."
2026-06-14,bekdas-hotel-deluxe-spa-bekdashoteldeluxe-com-dce2b50957,Bekdas Hotel Deluxe & Spa,,hotel,https://www.bekdashoteldeluxe.com/,@bekdashoteldeluxe.spa,+902126383682,info@bekdashoteldeluxe.com,https://www.bekdashoteldeluxe.com/,https://www.bekdashoteldeluxe.com/,https://www.bekdashoteldeluxe.com/,https://www.bekdashoteldeluxe.com/,,,100,Verified hotel page with source-valid email and phone. Checked 1 page(s).,Hotel/accommodation keywords verified.,Email extracted from official/relevant page HTML/text.; Checked URLs: https://www.bekdashoteldeluxe.com/; No inferred email used.
2026-06-14,bender-hotel-hotelbender-com-47d6394d9e,Bender Hotel,,hotel,https://www.hotelbender.com/tr,@benderhotel,+902125176000,info@hotelbender.com,https://www.hotelbender.com/tr/about,https://www.hotelbender.com/tr,https://www.hotelbender.com/tr,https://www.hotelbender.com/tr,,,100,Verified hotel page with source-valid email and phone. Checked 4 page(s).,Hotel/accommodation keywords verified.,"Email decoded from Cloudflare email-protection on official hotel page.; Checked URLs: https://www.hotelbender.com/tr, https://www.hotelbender.com/tr/about, https://www.hotelbender.com/tr/contact, https://www.hotelbender.com/tr/kvkk; No inferred email used."
2026-06-14,bentley-hotel-old-city-bentleyhoteloldcity-com-ff37621576,Bentley Hotel Old City,,hotel,https://bentleyhoteloldcity.com/,@bentleyhotelbosphorus,+902125131111,info@bentleyhoteloldcity.com,https://bentleyhoteloldcity.com/,https://bentleyhoteloldcity.com/,https://bentleyhoteloldcity.com/,https://bentleyhoteloldcity.com/,,,100,Verified hotel page with source-valid email and phone. Checked 3 page(s).,Hotel/accommodation keywords verified.,"Email extracted from mailto link on official/relevant page.; Checked URLs: https://bentleyhoteloldcity.com/, https://bentleyhoteloldcity.com/Contact, https://bentleyhoteloldcity.com/About; No inferred email used."
2026-06-14,best-point-hotel-suites-bestpointhotel-com-908d6af8d7,Best Point Hotel & Suites,,hotel,https://www.bestpointhotel.com/,,+902125162727,info@bestpointhotel.com,https://www.bestpointhotel.com/,https://www.bestpointhotel.com/,,https://www.bestpointhotel.com/,,,100,Verified hotel page with source-valid email and phone. Checked 2 page(s).,Hotel/accommodation keywords verified.,"Email extracted from mailto link on official/relevant page.; Checked URLs: https://www.bestpointhotel.com/, https://bestpointhotel.com/location/; No inferred email used."
2026-06-14,birbey-otel-birbeyhotel-com-3ed369a35a,Birbey Otel,,hotel,http://www.birbeyhotel.com/tr,,+902125124675,info@birbeyhotel.com,http://www.birbeyhotel.com/tr,http://www.birbeyhotel.com/tr,,http://www.birbeyhotel.com/tr,,,100,Verified hotel page with source-valid email and phone. Checked 4 page(s).,Hotel/accommodation keywords verified.,"Email extracted from official/relevant page HTML/text.; Checked URLs: http://www.birbeyhotel.com/tr, http://www.birbeyhotel.com/tr/about, http://www.birbeyhotel.com/tr/contact, http://www.birbeyhotel.com/tr/kvkk; No inferred email used."
2026-06-14,bizim-otel-bizimotel-com-tr-da13dd8144,Bizim Otel,,hotel,https://www.bizimotel.com.tr/tr,@bizimotel,+902125186777,info@bizimotel.com.tr,https://www.bizimotel.com.tr/tr/contact,https://www.bizimotel.com.tr/tr,https://www.bizimotel.com.tr/tr,https://www.bizimotel.com.tr/tr,,,100,Verified hotel page with source-valid email and phone. Checked 4 page(s).,Hotel/accommodation keywords verified.,"Email decoded from Cloudflare email-protection on official hotel page.; Checked URLs: https://www.bizimotel.com.tr/tr, https://www.bizimotel.com.tr/tr/contact, https://www.bizimotel.com.tr/tr/about, https://www.bizimotel.com.tr/tr/kvkk; No inferred email used."
2026-06-14,blu-ma-cel-sultanahmet-boutique-hotel-blumacel-com-7761bca484,Blu Ma'Cel - Sultanahmet Boutique Hotel,,hotel,https://blumacel.com/,@blumacelhotel,+905362520068,info@blumacel.com,https://blumacel.com/,https://blumacel.com/,https://blumacel.com/,https://blumacel.com/,,,100,Verified hotel page with source-valid email and phone. Checked 4 page(s).,Hotel/accommodation keywords verified.,"Email decoded from Cloudflare email-protection on official hotel page.; Checked URLs: https://blumacel.com/, https://blumacel.com/about, https://blumacel.com/contact, https://blumacel.com/kvkk; No inferred email used."
2026-06-14,blue-house-hotel-rooftop-360-sunset-view-of-istanbul-bluehouseistanbul-com-0b654b0bc0,Blue House Hotel & Rooftop – 360 Sunset View of Istanbul,,hotel,https://www.bluehouseistanbul.com/,@bluehouseroof,+902126389010,info@bluehousehotel.com,https://www.bluehouseistanbul.com/,https://www.bluehouseistanbul.com/,https://www.bluehouseistanbul.com/,https://www.bluehouseistanbul.com/,,,100,Verified hotel page with source-valid email and phone. Checked 3 page(s).,Hotel/accommodation keywords verified.,"Email extracted from mailto link on official/relevant page.; Checked URLs: https://www.bluehouseistanbul.com/, https://www.bluehouseistanbul.com/about, https://www.bluehouseistanbul.com/contact; No inferred email used."
2026-06-14,boss-hotel-sultanahmet-bosssultanahmet-com-068626de92,Boss Hotel Sultanahmet,,hotel,http://www.bosssultanahmet.com/,@bosshotelsultanahmet,+902125118980,reservation@bosssultanahmet.com,http://www.bosssultanahmet.com/,http://www.bosssultanahmet.com/,http://www.bosssultanahmet.com/,http://www.bosssultanahmet.com/,,,100,Verified hotel page with source-valid email and phone. Checked 4 page(s).,Hotel/accommodation keywords verified.,"Email decoded from Cloudflare email-protection on official hotel page.; Checked URLs: http://www.bosssultanahmet.com/, http://www.bosssultanahmet.com/pages/about, http://www.bosssultanahmet.com/pages/contact, https://boss-sultanahmet-hotel.hotelrunner.com/bv3/search; No inferred email used."
2026-06-14,bulvar-palas-hotel-hotelbulvarpalas-com-19a7b35ca9,Bulvar Palas Hotel,,hotel,https://hotelbulvarpalas.com/,@hotelbulvarpalas,+902125285881,info@hotelbulvarpalas.com,https://hotelbulvarpalas.com/,https://hotelbulvarpalas.com/,https://hotelbulvarpalas.com/,https://hotelbulvarpalas.com/,,,100,Verified hotel page with source-valid email and phone. Checked 6 page(s).,Hotel/accommodation keywords verified.,"Email extracted from official/relevant page HTML/text.; Checked URLs: https://hotelbulvarpalas.com/, https://hotelbulvarpalas.com/hakkimizda/, https://hotelbulvarpalas.com/iletisim/, https://hotelbulvarpalas.com/booking/, https://hotelbulvarpalas.com/hakkimizda/; No inferred email used."
2026-06-14,byzantium-hotel-suites-thebyzantiumhotel-com-cb3662d6be,Byzantium Hotel & Suites,,hotel,https://thebyzantiumhotel.com/,@byzantium_hotel,+902124586200,info@thebyzantiumhotel.com,https://thebyzantiumhotel.com/,https://thebyzantiumhotel.com/,https://thebyzantiumhotel.com/,https://thebyzantiumhotel.com/,,,100,Verified hotel page with source-valid email and phone. Checked 4 page(s).,Hotel/accommodation keywords verified.,"Email decoded from Cloudflare email-protection on official hotel page.; Checked URLs: https://thebyzantiumhotel.com/, https://thebyzantiumhotel.istbooking.com/en-EN?sr=1&ng=1, https://thebyzantiumhotel.com/about, https://thebyzantiumhotel.com/contact; No inferred email used."
2026-06-14,bi-ter-hotel-biterhotel-com-ce1fdd9706,BİTER HOTEL,,hotel,https://www.biterhotel.com/,,+902126317572,info@biterhotel.com,https://www.biterhotel.com/,https://www.biterhotel.com/,,https://www.biterhotel.com/,,,100,Verified hotel page with source-valid email and phone. Checked 3 page(s).,Hotel/accommodation keywords verified.,"Email extracted from mailto link on official/relevant page.; Checked URLs: https://www.biterhotel.com/, https://www.biterhotel.com/about.html, https://www.biterhotel.com/contact.html; No inferred email used."
2026-06-14,cagyigit-hotel-hotelcagyigit-com-302413927d,Cagyigit Hotel,,hotel,https://www.hotelcagyigit.com/,,+902125134240,hotel.cagyigit@hotmail.com,https://www.hotelcagyigit.com/,https://www.hotelcagyigit.com/,,https://www.hotelcagyigit.com/,,,95,Verified hotel page with source-valid email and phone. Checked 3 page(s).,Hotel/accommodation keywords verified.,"Email extracted from official/relevant page HTML/text.; Checked URLs: https://www.hotelcagyigit.com/, https://www.hotelcagyigit.com/hakkimizda, https://www.hotelcagyigit.com/iletisim/m/3; No inferred email used."
2026-06-14,carlton-hotel-i-stanbul-carltonhotelistanbul-com-5ce9e38dd6,Carlton Hotel İstanbul,,hotel,http://www.carltonhotelistanbul.com/,,+902125114224,info@carltonhotelistanbul.com,http://www.carltonhotelistanbul.com/,http://www.carltonhotelistanbul.com/,,http://www.carltonhotelistanbul.com/,,,100,Verified hotel page with source-valid email and phone. Checked 2 page(s).,Hotel/accommodation keywords verified.,"Email decoded from Cloudflare email-protection on official hotel page.; Checked URLs: http://www.carltonhotelistanbul.com/, https://carltonhotelistanbul.com/contact-us/; No inferred email used."
2026-06-14,celine-hotel-sultanahmet-hotel-hotelceline-com-5cf067fbbf,Celine Hotel - Sultanahmet Hotel,,hotel,https://hotelceline.com/,@celinehotel,+902125171919,info@hotelceline.com,https://hotelceline.com/,https://hotelceline.com/,https://hotelceline.com/,https://hotelceline.com/,,,100,Verified hotel page with source-valid email and phone. Checked 3 page(s).,Hotel/accommodation keywords verified.,"Email decoded from Cloudflare email-protection on official hotel page.; Checked URLs: https://hotelceline.com/, https://hotelceline.com/about, https://hotelceline.com/contact; No inferred email used."
2026-06-14,cibali-hotel-istanbul-cibalihotelistanbul-com-935dd83ab1,Cibali Hotel Istanbul,,hotel,https://www.cibalihotelistanbul.com/,,+909050616851,info@cibalihotelistanbul.com,https://www.cibalihotelistanbul.com/,https://www.cibalihotelistanbul.com/,,https://www.cibalihotelistanbul.com/,,,100,Verified hotel page with source-valid email and phone. Checked 1 page(s).,Hotel/accommodation keywords verified.,Email extracted from mailto link on official/relevant page.; Checked URLs: https://www.cibalihotelistanbul.com/; No inferred email used.
2026-06-14,crowne-plaza-istanbul-old-city-an-ihg-hotel-ihg-com-b711c84ffb,"Crowne Plaza Istanbul - Old City, an IHG Hotel",,hotel,https://www.ihg.com/crowneplaza/hotels/gb/en/istanbul/istbm/hoteldetail,@crowneplaza,+902125149000,info@cpoldcity.com,https://www.ihg.com/crowneplaza/hotels/gb/en/istanbul/istbm/hoteldetail,https://www.ihg.com/crowneplaza/hotels/gb/en/istanbul/istbm/hoteldetail,https://www.ihg.com/crowneplaza/hotels/gb/en/istanbul/istbm/hoteldetail,https://www.ihg.com/crowneplaza/hotels/gb/en/istanbul/istbm/hoteldetail,,,100,Verified hotel page with source-valid email and phone. Checked 8 page(s).,Hotel/accommodation keywords verified.,"Email extracted from mailto link on official/relevant page.; Checked URLs: https://www.ihg.com/crowneplaza/hotels/gb/en/istanbul/istbm/hoteldetail, https://www.ihg.com/crowneplaza/hotels/gb/en/reservation, https://www.ihg.com/crowneplaza/hotels/gb/en/stay-mgmt/ManageYourStay, https://www.ihg.com/hotels/gb/en/reservation, https://www.ihg.com/regent/hotels/gb/en/reservation; No inferred email used."
2026-06-14,dalan-hotel-dalanhotel-com-3af9cb5348,Dalan Hotel,,hotel,https://dalanhotel.com/,@dalanhotelistanbul,+902125165091,info@dalanhotel.com,https://dalanhotel.com/,https://dalanhotel.com/,https://dalanhotel.com/,https://dalanhotel.com/,,,100,Verified hotel page with source-valid email and phone. Checked 5 page(s).,Hotel/accommodation keywords verified.,"Email extracted from official/relevant page HTML/text.; Checked URLs: https://dalanhotel.com/, https://dalanhotel.com/about-us/, https://dalanhotel.com/contact-us/, https://dalanhotel.com/about-us/, https://dalanhotel.com/about-us/; No inferred email used."
2026-06-14,danis-hotel-spa-istanbul-old-city-danishotel-com-4366b70708,Danis Hotel & Spa Istanbul - Old City,,hotel,http://www.danishotel.com/,,+902125262016,info@danishotel.com,http://www.danishotel.com/,http://www.danishotel.com/,,http://www.danishotel.com/,,,100,Verified hotel page with source-valid email and phone. Checked 3 page(s).,Hotel/accommodation keywords verified.,"Email extracted from official/relevant page HTML/text.; Checked URLs: http://www.danishotel.com/, http://www.danishotel.com/contact-us/, http://www.danishotel.com/about-us/; No inferred email used."
2026-06-14,dareyn-boutique-dareynotel-com-459664b375,Dareyn Boutique,,boutique hotel,http://dareynotel.com/,,+902126219900,info@dareynotel.com,http://dareynotel.com/,http://dareynotel.com/,,http://dareynotel.com/,,,100,Verified hotel page with source-valid email and phone. Checked 3 page(s).,Hotel/accommodation keywords verified.,"Email extracted from mailto link on official/relevant page.; Checked URLs: http://dareynotel.com/, http://dareynotel.com/tr/dareyn-otel-oda-bilgileri-174, http://dareynotel.com/tr/contact; No inferred email used."
2026-06-14,dareyn-konak-dareynotel-com-aa1f1a5609,Dareyn Konak,,boutique hotel,http://dareynotel.com/,,+902126219900,info@dareynotel.com,http://dareynotel.com/,http://dareynotel.com/,,http://dareynotel.com/,,,100,Verified hotel page with source-valid email and phone. Checked 3 page(s).,Hotel/accommodation keywords verified.,"Email extracted from mailto link on official/relevant page.; Checked URLs: http://dareynotel.com/, http://dareynotel.com/tr/dareyn-otel-oda-bilgileri-174, http://dareynotel.com/tr/contact; No inferred email used."
2026-06-14,darkhill-hotel-darkhillhotel-com-ff2552e04a,Darkhill Hotel,,hotel,https://www.darkhillhotel.com/,,+902126388900,info@darkhillhotel.com,https://www.darkhillhotel.com/,https://www.darkhillhotel.com/,,https://www.darkhillhotel.com/,,,100,Verified hotel page with source-valid email and phone. Checked 3 page(s).,Hotel/accommodation keywords verified.,"Email extracted from mailto link on official/relevant page.; Checked URLs: https://www.darkhillhotel.com/, https://www.darkhillhotel.com/contactus.htm, https://www.darkhillhotel.com/video.htm; No inferred email used."
2026-06-14,dedem-hotel-sultanahmet-dedemhotelsultanahmet-com-c2f5d97dfc,Dedem Hotel Sultanahmet,,hotel,https://www.dedemhotelsultanahmet.com/en,,+905300714232,info@dedemhotelsultanahmet.com,https://www.dedemhotelsultanahmet.com/en/contact-us,https://www.dedemhotelsultanahmet.com/en,,https://www.dedemhotelsultanahmet.com/en,,,100,Verified hotel page with source-valid email and phone. Checked 3 page(s).,Hotel/accommodation keywords verified.,"Email extracted from mailto link on official/relevant page.; Checked URLs: https://www.dedemhotelsultanahmet.com/en, https://www.dedemhotelsultanahmet.com/en/about-us, https://www.dedemhotelsultanahmet.com/en/contact-us; No inferred email used."
2026-06-14,delta-hotel-istanbul-deltahotelistanbul-com-60bafdc4ea,Delta Hotel Istanbul,,hotel,https://www.deltahotelistanbul.com/,,+902126385472,info@deltahotelistanbul.com,https://www.deltahotelistanbul.com/,https://www.deltahotelistanbul.com/,,https://www.deltahotelistanbul.com/,,,100,Verified hotel page with source-valid email and phone. Checked 3 page(s).,Hotel/accommodation keywords verified.,"Email extracted from mailto link on official/relevant page.; Checked URLs: https://www.deltahotelistanbul.com/, https://www.deltahotelistanbul.com/contact, https://www.deltahotelistanbul.com/booking-rooms; No inferred email used."
2026-06-14,deniz-houses-hotel-in-sultanahmet-denizhouses-com-601e79abdd,Deniz Houses Hotel in Sultanahmet,,hotel,https://www.denizhouses.com/,,+905543638511,info@denizhouses.com,https://www.denizhouses.com/,https://www.denizhouses.com/,,https://www.denizhouses.com/,,,100,Verified hotel page with source-valid email and phone. Checked 3 page(s).,Hotel/accommodation keywords verified.,"Email extracted from mailto link on official/relevant page.; Checked URLs: https://www.denizhouses.com/, https://www.denizhouses.com/rooms.html, https://www.denizhouses.com/contact-us.php; No inferred email used."
2026-06-14,dersaadet-hotel-istanbul-hoteldersaadet-com-d9a0d87f98,Dersaadet Hotel Istanbul,,hotel,https://hoteldersaadet.com/,@hoteldersaadet,+902124580760,info@hoteldersaadet.com,https://hoteldersaadet.com/,https://hoteldersaadet.com/,https://hoteldersaadet.com/,https://hoteldersaadet.com/,,,100,Verified hotel page with source-valid email and phone. Checked 4 page(s).,Hotel/accommodation keywords verified.,"Email extracted from mailto link on official/relevant page.; Checked URLs: https://hoteldersaadet.com/, https://hoteldersaadet.com/about-us/, https://hoteldersaadet.com/hotel-search/, https://hoteldersaadet.com/contact/; No inferred email used."
2026-06-14,diamond-beyaz-t-hotel-diamondbeyazit-com-480cb01c10,Diamond Beyazıt Hotel,,hotel,https://www.diamondbeyazit.com/tr,@diamondhotelbeyazit,+902125172136,info@diamondbeyazithotel.com,https://www.diamondbeyazit.com/tr/about,https://www.diamondbeyazit.com/tr,https://www.diamondbeyazit.com/tr,https://www.diamondbeyazit.com/tr,,,100,Verified hotel page with source-valid email and phone. Checked 4 page(s).,Hotel/accommodation keywords verified.,"Email decoded from Cloudflare email-protection on official hotel page.; Checked URLs: https://www.diamondbeyazit.com/tr, https://www.diamondbeyazit.com/tr/about, https://www.diamondbeyazit.com/tr/contact, https://www.diamondbeyazit.com/tr/kvkk; No inferred email used."
2026-06-14,diamond-city-hotel-yenikapi-diamondcityotel-com-52a4e938e2,Diamond City Hotel Yenikapi,,hotel,https://www.diamondcityotel.com/,,+905324999784,info@diamondcityhotel.com.tr,https://www.diamondcityotel.com/iletisim.html,https://www.diamondcityotel.com/,,https://www.diamondcityotel.com/,,,100,Verified hotel page with source-valid email and phone. Checked 3 page(s).,Hotel/accommodation keywords verified.,"Email extracted from mailto link on official/relevant page.; Checked URLs: https://www.diamondcityotel.com/, https://www.diamondcityotel.com/iletisim.html, https://www.diamondcityotel.com/rezervasyon.html; No inferred email used."
2026-06-14,dilhayat-kalfa-hotel-dilhayatkalfahotel-com-88d262dddf,Dilhayat Kalfa Hotel,,hotel,https://www.dilhayatkalfahotel.com/,,+905454098060,info@dilhayatkalfahotel.com,https://www.dilhayatkalfahotel.com/,https://www.dilhayatkalfahotel.com/,,https://www.dilhayatkalfahotel.com/,,,100,Verified hotel page with source-valid email and phone. Checked 1 page(s).,Hotel/accommodation keywords verified.,Email extracted from official/relevant page HTML/text.; Checked URLs: https://www.dilhayatkalfahotel.com/; No inferred email used.
2026-06-14,divani-ali-hotel-divanialihotel-com-814ec5b07d,Divani Ali Hotel,,hotel,http://divanialihotel.com/index.html,,+902126381200,info@divanialihotel.com,http://divanialihotel.com/contact_us.html,http://divanialihotel.com/index.html,,http://divanialihotel.com/contact_us.html,,,100,Verified hotel page with source-valid email and phone. Checked 3 page(s).,Hotel/accommodation keywords verified.,"Email extracted from mailto link on official/relevant page.; Checked URLs: http://divanialihotel.com/index.html, http://divanialihotel.com/contact_us.html, http://divanialihotel.com/about_hotel.html; No inferred email used."
2026-06-14,dream-bosphorus-hotel-dreambosphorushotel-com-ef149fbe9a,Dream Bosphorus Hotel,,hotel,http://www.dreambosphorushotel.com/,,+902126212223,info@dreambosphorushotel.com,http://www.dreambosphorushotel.com/contacts.html,http://www.dreambosphorushotel.com/,,http://www.dreambosphorushotel.com/,,,100,Verified hotel page with source-valid email and phone. Checked 3 page(s).,Hotel/accommodation keywords verified.,"Email extracted from mailto link on official/relevant page.; Checked URLs: http://www.dreambosphorushotel.com/, http://www.dreambosphorushotel.com/about.html, http://www.dreambosphorushotel.com/contacts.html; No inferred email used."
2026-06-14,euro-design-hotel-eurodesignhotel-com-d007299670,EURO DESIGN HOTEL,,hotel,https://eurodesignhotel.com/,@eurodesignhotel,+902125200125,info@eurodesignhotel.com,https://eurodesignhotel.com/,https://eurodesignhotel.com/,https://eurodesignhotel.com/,https://eurodesignhotel.com/,,,100,Verified hotel page with source-valid email and phone. Checked 5 page(s).,Hotel/accommodation keywords verified.,"Email extracted from mailto link on official/relevant page.; Checked URLs: https://eurodesignhotel.com/, https://eurodesignhotel.com/hakkimizda-2/, https://eurodesignhotel.com/iletisim/, https://eurodesignhotel.com/en/hakkimizda/, https://eurodesignhotel.com/hakkimizda-2/; No inferred email used."
2026-06-14,eastanbul-suite-eastanbulsuites-com-d9762605b9,Eastanbul Suite,,spa hotel,http://www.eastanbulsuites.com/,@eastanbulsuiteshotel,+902125268787,info@eastanbulsuites.com,http://www.eastanbulsuites.com/,http://www.eastanbulsuites.com/,http://www.eastanbulsuites.com/,http://www.eastanbulsuites.com/,,,100,Verified hotel page with source-valid email and phone. Checked 3 page(s).,Hotel/accommodation keywords verified.,"Email extracted from mailto link on official/relevant page.; Checked URLs: http://www.eastanbulsuites.com/, http://www.eastanbulsuites.com/about.php, http://www.eastanbulsuites.com/contact.php; No inferred email used."
2026-06-14,edibe-sultan-hotel-edibesultanhotel-com-0d1328e5c6,Edibe Sultan Hotel,,hotel,https://edibesultanhotel.com,,+902125275151,info@edibesultanhotel.com,https://edibesultanhotel.com,https://edibesultanhotel.com,,https://edibesultanhotel.com,,,100,Verified hotel page with source-valid email and phone. Checked 3 page(s).,Hotel/accommodation keywords verified.,"Email extracted from official/relevant page HTML/text.; Checked URLs: https://edibesultanhotel.com, https://edibesultanhotel.com/tr/about, https://edibesultanhotel.com/tr/contact; No inferred email used."
2026-06-14,edition-old-city-hotel-editionoldcityhotel-com-93c3ffa4f7,Edition Old City Hotel,,hotel,https://www.editionoldcityhotel.com/,,+902125171700,info@editionoldcityhotel.com,https://www.editionoldcityhotel.com/,https://www.editionoldcityhotel.com/,,https://www.editionoldcityhotel.com/,,,100,Verified hotel page with source-valid email and phone. Checked 4 page(s).,Hotel/accommodation keywords verified.,"Email extracted from mailto link on official/relevant page.; Checked URLs: https://www.editionoldcityhotel.com/, https://www.editionoldcityhotel.com/hakkimizda, https://www.editionoldcityhotel.com/iletisim, https://www.editionoldcityhotel.com/contact; No inferred email used."
2026-06-14,elanaz-hotel-elanaz-com-8c32f7407d,Elanaz Hotel,,hotel,https://www.elanaz.com/,@elanazhotel,+902125263806,info@elanaz.com,https://www.elanaz.com/,https://www.elanaz.com/,https://www.elanaz.com/,https://www.elanaz.com/,,,100,Verified hotel page with source-valid email and phone. Checked 5 page(s).,Hotel/accommodation keywords verified.,"Email decoded from Cloudflare email-protection on official hotel page.; Checked URLs: https://www.elanaz.com/, https://www.elanaz.com/about-us/, https://www.elanaz.com/contact/, https://www.elanaz.com/about-us/, https://www.elanaz.com/contact/; No inferred email used."
2026-06-14,elite-marmara-boutique-hotel-sultanahmet-elitemarmaraoldcity-com-17b9e0d2bf,Elite Marmara Boutique Hotel Sultanahmet,,hotel,http://www.elitemarmaraoldcity.com/,,+900537789735,info@elitemarmaraoldcity.com,http://www.elitemarmaraoldcity.com/,http://www.elitemarmaraoldcity.com/,,http://www.elitemarmaraoldcity.com/,,,100,Verified hotel page with source-valid email and phone. Checked 3 page(s).,Hotel/accommodation keywords verified.,"Email decoded from Cloudflare email-protection on official hotel page.; Checked URLs: http://www.elitemarmaraoldcity.com/, http://www.elitemarmaraoldcity.com/Home/About, http://www.elitemarmaraoldcity.com/Home/Contact; No inferred email used."
2026-06-14,eliza-hotel-elizahotelistanbul-com-a896dcc4a7,Eliza Hotel,,hotel,https://elizahotelistanbul.com/,@elizahotelistanbul,+902125208100,info@elizahotelistanbul.com,https://elizahotelistanbul.com/,https://elizahotelistanbul.com/,https://elizahotelistanbul.com/,https://elizahotelistanbul.com/,,,100,Verified hotel page with source-valid email and phone. Checked 2 page(s).,Hotel/accommodation keywords verified.,"Email decoded from Cloudflare email-protection on official hotel page.; Checked URLs: https://elizahotelistanbul.com/, https://elizahotelistanbul.com/contact-us/; No inferred email used."
2026-06-14,elys-on-hotel-elysionhotelistanbul-com-087bc2d13f,Elysıon Hotel,,hotel,https://www.elysionhotelistanbul.com/,,+902125112134,info@elysionhotelistanbul.com,https://www.elysionhotelistanbul.com/,https://www.elysionhotelistanbul.com/,,https://www.elysionhotelistanbul.com/,,,100,Verified hotel page with source-valid email and phone. Checked 3 page(s).,Hotel/accommodation keywords verified.,"Email extracted from mailto link on official/relevant page.; Checked URLs: https://www.elysionhotelistanbul.com/, https://www.elysionhotelistanbul.com/about.html, https://www.elysionhotelistanbul.com/contact.html; No inferred email used."
2026-06-14,emine-sultan-hotel-eminesultanhotel-com-42e7b377c7,Emine Sultan Hotel,,hotel,https://www.eminesultanhotel.com/,,+902124584666,info@eminesultanhotel.com,https://www.eminesultanhotel.com/,https://www.eminesultanhotel.com/,,https://www.eminesultanhotel.com/,,,100,Verified hotel page with source-valid email and phone. Checked 3 page(s).,Hotel/accommodation keywords verified.,"Email extracted from mailto link on official/relevant page.; Checked URLs: https://www.eminesultanhotel.com/, https://www.eminesultanhotel.com/about-us.html, https://www.eminesultanhotel.com/contact-us.html; No inferred email used."
2026-06-14,emirhan-inn-hotel-rezervasyonal-com-503eb4844c,Emirhan inn Hotel,,hotel,https://emirhan-apart.rezervasyonal.com/,@emirhan_guest_house,+909021245880,info@emirhaninn.com,https://emirhan-apart.rezervasyonal.com/,https://emirhan-apart.rezervasyonal.com/,https://emirhan-apart.rezervasyonal.com/,https://emirhan-apart.rezervasyonal.com/,,,100,Verified hotel page with source-valid email and phone. Checked 2 page(s).,Hotel/accommodation keywords verified.,"Email decoded from Cloudflare email-protection on official hotel page.; Checked URLs: https://emirhan-apart.rezervasyonal.com/, https://emirhan-apart.rezervasyonal.com/emirhan-apart.html; No inferred email used."
2026-06-14,empire-suite-hotel-istanbul-empiresuitehotel-com-649def5dde,Empire Suite Hotel Istanbul,,hotel,http://www.empiresuitehotel.com/,,+902125122000,info@empiresuitehotel.com,http://www.empiresuitehotel.com/,http://www.empiresuitehotel.com/,,http://www.empiresuitehotel.com/,,,100,Verified hotel page with source-valid email and phone. Checked 2 page(s).,Hotel/accommodation keywords verified.,"Email extracted from mailto link on official/relevant page.; Checked URLs: http://www.empiresuitehotel.com/, http://www.empiresuitehotel.com/contact.html; No inferred email used."
2026-06-14,enderun-hotel-enderunhotel-com-0cbcbace15,Enderun Hotel,,hotel,https://www.enderunhotel.com/,@explore,+902125179190,reservation@enderunhotel.com,https://www.enderunhotel.com/,https://www.enderunhotel.com/,https://www.enderunhotel.com/,https://www.enderunhotel.com/,,,100,Verified hotel page with source-valid email and phone. Checked 2 page(s).,Hotel/accommodation keywords verified.,"Email extracted from mailto link on official/relevant page.; Checked URLs: https://www.enderunhotel.com/, https://www.enderunhotel.com/contact.php; No inferred email used."
2026-06-14,erten-konak-hotel-ertenkonak-com-5f9d75bbf7,Erten Konak Hotel,,hotel,http://www.ertenkonak.com/,,+905358913500,info@ertenkonak.com,http://www.ertenkonak.com/,http://www.ertenkonak.com/,,http://www.ertenkonak.com/,,,100,Verified hotel page with source-valid email and phone. Checked 3 page(s).,Hotel/accommodation keywords verified.,"Email extracted from official/relevant page HTML/text.; Checked URLs: http://www.ertenkonak.com/, http://www.ertenkonak.com/reservation2.php, http://www.ertenkonak.com/iletisim.php; No inferred email used."
2026-06-14,eurostar-hotel-old-city-eurostars-com-tr-beb720520c,Eurostar Hotel Old City,,hotel,https://www.eurostars.com.tr/tr,,+902125222515,info@eurostars.com.tr,https://www.eurostars.com.tr/tr/about,https://www.eurostars.com.tr/tr,,https://www.eurostars.com.tr/tr,,,100,Verified hotel page with source-valid email and phone. Checked 5 page(s).,Hotel/accommodation keywords verified.,"Email decoded from Cloudflare email-protection on official hotel page.; Checked URLs: https://www.eurostars.com.tr/tr, https://www.eurostars.com.tr/tr/about, https://www.eurostars.com.tr/tr/contact, https://www.eurostars.com.tr/tr/booking, https://www.eurostars.com.tr/tr/kvkk; No inferred email used."
2026-06-14,four-seven-hotel-foursevenhotel-com-88c1c8550d,FOUR SEVEN HOTEL,,hotel,https://foursevenhotel.com/,,+902125885007,info@foursevenhotel.com,https://foursevenhotel.com/,https://foursevenhotel.com/,,https://foursevenhotel.com/,,,100,Verified hotel page with source-valid email and phone. Checked 3 page(s).,Hotel/accommodation keywords verified.,"Email extracted from mailto link on official/relevant page.; Checked URLs: https://foursevenhotel.com/, https://foursevenhotel.com/sayfa-hakkimizda-1, https://foursevenhotel.com/iletisim; No inferred email used."
2026-06-14,fer-hotel-ferhotel-com-245194afda,Fer Hotel,,hotel,https://ferhotel.com/,@ferhotelistanbul,+902125225080,info@ferhotel.com,https://ferhotel.com/,https://ferhotel.com/,https://ferhotel.com/,https://ferhotel.com/,,,100,Verified hotel page with source-valid email and phone. Checked 3 page(s).,Hotel/accommodation keywords verified.,"Email extracted from mailto link on official/relevant page.; Checked URLs: https://ferhotel.com/, https://ferhotel.com/about-us/, https://ferhotel.com/contact/; No inferred email used."
2026-06-14,ferman-hotel-old-city-fermanhotel-com-6507faa804,Ferman Hotel Old City,,hotel,https://www.fermanhotel.com/location.html,@fermanhoteloldcity,+902124589994,info@fermanhotel.com,https://www.fermanhotel.com/location.html,https://www.fermanhotel.com/location.html,https://www.fermanhotel.com/location.html,https://www.fermanhotel.com/location.html,,,100,Verified hotel page with source-valid email and phone. Checked 2 page(s).,Hotel/accommodation keywords verified.,"Email decoded from Cloudflare email-protection on official hotel page.; Checked URLs: https://www.fermanhotel.com/location.html, https://www.fermanhotel.com/contact-us; No inferred email used."
2026-06-14,ferman-konak-hotel-fermankonak-com-89239d8df8,Ferman Konak Hotel,,hotel,https://www.fermankonak.com/,@fermankonakhotel,+902124587000,info@fermankonak.com,https://www.fermankonak.com/,https://www.fermankonak.com/,https://www.fermankonak.com/,https://www.fermankonak.com/,,,100,Verified hotel page with source-valid email and phone. Checked 3 page(s).,Hotel/accommodation keywords verified.,"Email decoded from Cloudflare email-protection on official hotel page.; Checked URLs: https://www.fermankonak.com/, https://www.fermankonak.com/contact-us, https://www.fermankonak.com/reservation; No inferred email used."
2026-06-14,flower-palace-hotel-flowerpalacehotel-com-9ded177809,Flower Palace Hotel,,hotel,https://www.flowerpalacehotel.com/,,+902125190068,info@flowerpalacehotel.com,https://www.flowerpalacehotel.com/,https://www.flowerpalacehotel.com/,,https://www.flowerpalacehotel.com/,,,100,Verified hotel page with source-valid email and phone. Checked 3 page(s).,Hotel/accommodation keywords verified.,"Email extracted from mailto link on official/relevant page.; Checked URLs: https://www.flowerpalacehotel.com/, https://flowerpalacehotel.com/about, https://flowerpalacehotel.com/contact; No inferred email used."
2026-06-14,four-seasons-hotel-istanbul-at-sultanahmet-fourseasons-com-f0ac9e0945,Four Seasons Hotel Istanbul At Sultanahmet,,hotel,https://www.fourseasons.com/istanbul/,@fourseasons,+902124023000,reservations.istanbul@fourseasons.com,https://www.fourseasons.com/istanbul/contact-us/,https://www.fourseasons.com/istanbul/,https://www.fourseasons.com/istanbul/,https://www.fourseasons.com/istanbul/,,,100,Verified hotel page with source-valid email and phone. Checked 8 page(s).,Hotel/accommodation keywords verified.,"Email extracted from mailto link on official/relevant page.; Checked URLs: https://www.fourseasons.com/istanbul/, https://www.fourseasons.com/profile/, https://www.fourseasons.com/istanbul/contact-us/, https://reservations.fourseasons.com/en, https://www.fourseasons.com/istanbul/weddings/contact-us/; No inferred email used."
2026-06-14,freya-luxury-hotel-freyahotel-com-787cb3a1f5,Freya Luxury Hotel,,hotel,http://www.freyahotel.com/,,+902125181338,info@freyahotel.com,http://www.freyahotel.com/contact.php,http://www.freyahotel.com/,,http://www.freyahotel.com/,,,100,Verified hotel page with source-valid email and phone. Checked 3 page(s).,Hotel/accommodation keywords verified.,"Email extracted from mailto link on official/relevant page.; Checked URLs: http://www.freyahotel.com/, http://www.freyahotel.com/about.php, http://www.freyahotel.com/contact.php; No inferred email used."
2026-06-14,glk-premier-acropol-suites-acropolhotel-com-44114f4f37,GLK PREMIER Acropol Suites,,boutique hotel,https://www.acropolhotel.com/,@acropolsuites,+902126389021,info@acropolsuites.com,https://www.acropolhotel.com/,https://www.acropolhotel.com/,https://www.acropolhotel.com/,https://www.acropolhotel.com/,,,100,Verified hotel page with source-valid email and phone. Checked 5 page(s).,Hotel/accommodation keywords verified.,"Email extracted from mailto link on official/relevant page.; Checked URLs: https://www.acropolhotel.com/, https://reservation.acropolhotel.com/, https://www.acropolhotel.com/about, https://www.acropolhotel.com/thehotel/reservation-policy, https://www.acropolhotel.com/contact; No inferred email used."
2026-06-14,glk-premier-regency-suites-spa-regencysuitesistanbul-com-c0ccc38c9b,GLK PREMIER Regency Suites & Spa,,spa hotel,https://www.regencysuitesistanbul.com/,//www.instagram.com/regencysuitestr/,+909021245855,sales@regencysuitesistanbul.com,https://www.regencysuitesistanbul.com/,https://www.regencysuitesistanbul.com/,https://www.regencysuitesistanbul.com/,https://www.regencysuitesistanbul.com/,,,100,Verified hotel page with source-valid email and phone. Checked 7 page(s).,Hotel/accommodation keywords verified.,"Email extracted from mailto link on official/relevant page.; Checked URLs: https://www.regencysuitesistanbul.com/, https://reservation.regencysuitesistanbul.com/, https://regencysuitesistanbul.com/about, https://regencysuitesistanbul.com/thehotel/reservation-policy, https://regencysuitesistanbul.com/contact; No inferred email used."
2026-06-14,glk-premier-sea-mansion-suites-spa-seamansionsuites-com-7215f8aaa2,GLK PREMIER Sea Mansion Suites & Spa,,spa hotel,https://seamansionsuites.com/,//www.instagram.com/seamansionsuitesspa,+902126383081,info@seamansionsuites.com,https://seamansionsuites.com/,https://seamansionsuites.com/,https://seamansionsuites.com/,https://seamansionsuites.com/,,,100,Verified hotel page with source-valid email and phone. Checked 4 page(s).,Hotel/accommodation keywords verified.,"Email extracted from mailto link on official/relevant page.; Checked URLs: https://seamansionsuites.com/, https://seamansionsuites.com/about, https://seamansionsuites.com/thehotel/reservation-policy, https://seamansionsuites.com/contact; No inferred email used."
2026-06-14,glk-premier-the-home-suites-spa-thehomesuites-com-c5030e37be,GLK PREMIER The Home Suites & Spa,,boutique hotel,https://thehomesuites.com/,@thehomesuites,+902126388801,info@thehomesuites.com,https://thehomesuites.com/,https://thehomesuites.com/,https://thehomesuites.com/,https://thehomesuites.com/,,,100,Verified hotel page with source-valid email and phone. Checked 5 page(s).,Hotel/accommodation keywords verified.,"Email extracted from mailto link on official/relevant page.; Checked URLs: https://thehomesuites.com/, https://reservation.thehomesuites.com/, https://thehomesuites.com/about, https://thehomesuites.com/thehotel/reservation-policy, https://thehomesuites.com/contact; No inferred email used."
2026-06-14,golden-royal-hotel-hotelgoldenroyal-com-c49d2fb69c,GOLDEN ROYAL HOTEL,,hotel,https://hotelgoldenroyal.com/,@hotelgoldenroyal,+902125123030,info@hotelgoldenroyal.com,https://hotelgoldenroyal.com/,https://hotelgoldenroyal.com/,https://hotelgoldenroyal.com/,https://hotelgoldenroyal.com/,,,100,Verified hotel page with source-valid email and phone. Checked 3 page(s).,Hotel/accommodation keywords verified.,"Email decoded from Cloudflare email-protection on official hotel page.; Checked URLs: https://hotelgoldenroyal.com/, https://hotelgoldenroyal.com/about-us.php, https://hotelgoldenroyal.com/contact-us.php; No inferred email used."
2026-06-14,grand-medya-hotel-4-yildizli-hotelgrandmedya-com-2521fa5ee9,GRAND MEDYA HOTEL (4 YILDIZLI),,hotel,http://www.hotelgrandmedya.com/,,+902125283205,info@hotelgrandmedya.com,http://www.hotelgrandmedya.com/,http://www.hotelgrandmedya.com/,,http://www.hotelgrandmedya.com/,,,100,Verified hotel page with source-valid email and phone. Checked 3 page(s).,Hotel/accommodation keywords verified.,"Email extracted from mailto link on official/relevant page.; Checked URLs: http://www.hotelgrandmedya.com/, http://www.hotelgrandmedya.com/reservation.html, http://www.hotelgrandmedya.com/contactus.html; No inferred email used."
2026-06-14,genius-hotel-i-stanbul-geniushotelistanbul-com-c1b734a6f8,Genius Hotel İstanbul,,hotel,https://geniushotelistanbul.com/,@geniushotelistanbul,+902125173881,sales@geniushotelistanbul.com,https://geniushotelistanbul.com/,https://geniushotelistanbul.com/,https://geniushotelistanbul.com/,https://geniushotelistanbul.com/,,,100,Verified hotel page with source-valid email and phone. Checked 5 page(s).,Hotel/accommodation keywords verified.,"Email extracted from official/relevant page HTML/text.; Checked URLs: https://geniushotelistanbul.com/, https://geniushotelistanbul.com/contact/, https://geniushotelistanbul.com/about-us/, https://geniushotelistanbul.com/tr/kvkk/, https://geniushotelistanbul.com/reservation-policy/; No inferred email used."
2026-06-14,gold-hotel-goldhotel-com-tr-38b9138d01,Gold Hotel,,hotel,http://www.goldhotel.com.tr/,,+902125187430,mail@goldhotel.com.tr,http://www.goldhotel.com.tr/,http://www.goldhotel.com.tr/,,http://www.goldhotel.com.tr/,,,100,Verified hotel page with source-valid email and phone. Checked 2 page(s).,Hotel/accommodation keywords verified.,"Email extracted from official/relevant page HTML/text.; Checked URLs: http://www.goldhotel.com.tr/, http://www.goldhotel.com.tr/iletisim/; No inferred email used."
2026-06-14,golden-bazaar-hotel-goldenbazaarhotel-com-9911cb57c5,Golden Bazaar Hotel,,hotel,https://goldenbazaarhotel.com/,,+902128904636,info@goldenbazaarhotel.com,https://goldenbazaarhotel.com/,https://goldenbazaarhotel.com/,,https://goldenbazaarhotel.com/,,,100,Verified hotel page with source-valid email and phone. Checked 4 page(s).,Hotel/accommodation keywords verified.,"Email decoded from Cloudflare email-protection on official hotel page.; Checked URLs: https://goldenbazaarhotel.com/, https://goldenbazaarhotel.com/about-us/, https://goldenbazaarhotel.com/contact-us/, https://goldenbazaarhotel.com/how-to-booking-room-online/; No inferred email used."
2026-06-14,golden-crown-hotel-goldencrownhotel-com-2963af6366,Golden Crown Hotel,,hotel,https://www.goldencrownhotel.com/tr,@goldencrownhotelistanbul,+902126381944,info@goldencrownhotel.com,https://www.goldencrownhotel.com/tr/about,https://www.goldencrownhotel.com/tr,https://www.goldencrownhotel.com/tr,https://www.goldencrownhotel.com/tr,,,100,Verified hotel page with source-valid email and phone. Checked 4 page(s).,Hotel/accommodation keywords verified.,"Email decoded from Cloudflare email-protection on official hotel page.; Checked URLs: https://www.goldencrownhotel.com/tr, https://www.goldencrownhotel.com/tr/about, https://www.goldencrownhotel.com/tr/contact, https://www.goldencrownhotel.com/tr/kvkk; No inferred email used."
2026-06-14,golden-sand-hotel-goldensandhotelistanbul-com-6d48c8eed3,Golden Sand Hotel,,hotel,https://www.goldensandhotelistanbul.com/tr,@goldensandhotel,+902125174725,info@goldensandhotelistanbul.com,https://www.goldensandhotelistanbul.com/tr/about,https://www.goldensandhotelistanbul.com/tr,https://www.goldensandhotelistanbul.com/tr,https://www.goldensandhotelistanbul.com/tr,,,100,Verified hotel page with source-valid email and phone. Checked 4 page(s).,Hotel/accommodation keywords verified.,"Email decoded from Cloudflare email-protection on official hotel page.; Checked URLs: https://www.goldensandhotelistanbul.com/tr, https://www.goldensandhotelistanbul.com/tr/about, https://www.goldensandhotelistanbul.com/tr/contact, https://www.goldensandhotelistanbul.com/tr/kvkk; No inferred email used."
2026-06-14,grand-aksu-hotel-grandaksuhotel-com-90ffbcc2ee,Grand Aksu Hotel,,hotel,http://www.grandaksuhotel.com/,,+902125309947,grandaksuotel@hotmail.com,https://www.grandaksuhotel.com/iletisim,http://www.grandaksuhotel.com/,,http://www.grandaksuhotel.com/,,,95,Verified hotel page with source-valid email and phone. Checked 3 page(s).,Hotel/accommodation keywords verified.,"Email extracted from official/relevant page HTML/text.; Checked URLs: http://www.grandaksuhotel.com/, https://www.grandaksuhotel.com/hakkimizda, https://www.grandaksuhotel.com/iletisim; No inferred email used."
2026-06-14,grand-anka-hotel-grandankahotel-com-76f4678685,Grand Anka Hotel,,hotel,https://grandankahotel.com/,,+902126352020,info@grandankahotel.com,https://grandankahotel.com/,https://grandankahotel.com/,,https://grandankahotel.com/,,,100,Verified hotel page with source-valid email and phone. Checked 3 page(s).,Hotel/accommodation keywords verified.,"Email extracted from mailto link on official/relevant page.; Checked URLs: https://grandankahotel.com/, https://grandankahotel.com/about.php, https://grandankahotel.com/contact.php; No inferred email used."
2026-06-14,grand-ant-hotel-anthotel-com-efa8c40ef4,Grand Ant Hotel,,hotel,https://www.anthotel.com/tr,@ant_hotel,+902125291500,info@anthotel.com,https://www.anthotel.com/tr/about,https://www.anthotel.com/tr,https://www.anthotel.com/tr,https://www.anthotel.com/tr,,,100,Verified hotel page with source-valid email and phone. Checked 4 page(s).,Hotel/accommodation keywords verified.,"Email decoded from Cloudflare email-protection on official hotel page.; Checked URLs: https://www.anthotel.com/tr, https://www.anthotel.com/tr/about, https://www.anthotel.com/tr/contact, https://www.anthotel.com/tr/kvkk; No inferred email used."
2026-06-14,grand-durmaz-hotel-granddurmazhotel-com-abd98668de,Grand Durmaz Hotel,,hotel,https://www.granddurmazhotel.com/,,+902125124747,info@granddurmazhotel.com,https://www.granddurmazhotel.com/,https://www.granddurmazhotel.com/,,https://www.granddurmazhotel.com/,,,100,Verified hotel page with source-valid email and phone. Checked 3 page(s).,Hotel/accommodation keywords verified.,"Email extracted from mailto link on official/relevant page.; Checked URLs: https://www.granddurmazhotel.com/, https://www.granddurmazhotel.com/hakkimizda, https://www.granddurmazhotel.com/iletisim; No inferred email used."
2026-06-14,grand-hilarium-hotel-hilariumhotel-com-f44fd05aaa,Grand Hilarium Hotel,,hotel,http://www.hilariumhotel.com/,@grandhilariumhotel,+902125170083,info@hilariumhotel.com,http://www.hilariumhotel.com/,http://www.hilariumhotel.com/,http://www.hilariumhotel.com/,http://www.hilariumhotel.com/,,,100,Verified hotel page with source-valid email and phone. Checked 3 page(s).,Hotel/accommodation keywords verified.,"Email decoded from Cloudflare email-protection on official hotel page.; Checked URLs: http://www.hilariumhotel.com/, http://www.hilariumhotel.com/pages/about, http://www.hilariumhotel.com/pages/contact; No inferred email used."
2026-06-14,grand-hotel-gulsoy-grandhotelgulsoy-com-e2c0af7cc7,Grand Hotel Gulsoy,,hotel,https://www.grandhotelgulsoy.com/tr,@grandhotelgulsoy,+902125125842,info@grandhotelgulsoy.com,https://www.grandhotelgulsoy.com/tr/about,https://www.grandhotelgulsoy.com/tr,https://www.grandhotelgulsoy.com/tr,https://www.grandhotelgulsoy.com/tr,,,100,Verified hotel page with source-valid email and phone. Checked 4 page(s).,Hotel/accommodation keywords verified.,"Email decoded from Cloudflare email-protection on official hotel page.; Checked URLs: https://www.grandhotelgulsoy.com/tr, https://www.grandhotelgulsoy.com/tr/about, https://www.grandhotelgulsoy.com/tr/contact, https://www.grandhotelgulsoy.com/tr/kvkk; No inferred email used."
2026-06-14,grand-laleli-hotel-grandlalelihotel-com-cf1e6321a0,Grand Laleli Hotel,,hotel,https://www.grandlalelihotel.com/,,+902125268711,sales@grandlalelihotel.com,https://www.grandlalelihotel.com/,https://www.grandlalelihotel.com/,,https://www.grandlalelihotel.com/,,,100,Verified hotel page with source-valid email and phone. Checked 2 page(s).,Hotel/accommodation keywords verified.,"Email extracted from mailto link on official/relevant page.; Checked URLs: https://www.grandlalelihotel.com/, https://www.grandlalelihotel.com/location-contact/; No inferred email used."
2026-06-14,grand-naki-hotel-grandnakihotel-com-cb06ebf9ee,Grand Naki Hotel,,hotel,http://www.grandnakihotel.com/,,+902126388188,info@grandnakihotel.com,http://www.grandnakihotel.com/,http://www.grandnakihotel.com/,,http://www.grandnakihotel.com/,,,100,Verified hotel page with source-valid email and phone. Checked 2 page(s).,Hotel/accommodation keywords verified.,"Email decoded from Cloudflare email-protection on official hotel page.; Checked URLs: http://www.grandnakihotel.com/, http://www.grandnakihotel.com/contact.php; No inferred email used."
2026-06-14,grand-pamir-hotel-grandpamirhotel-com-eb584c8445,Grand Pamir Hotel,,hotel,https://www.grandpamirhotel.com/,,+902125202363,info@grandpamirhotel.com,https://www.grandpamirhotel.com/,https://www.grandpamirhotel.com/,,https://www.grandpamirhotel.com/,,,100,Verified hotel page with source-valid email and phone. Checked 3 page(s).,Hotel/accommodation keywords verified.,"Email extracted from mailto link on official/relevant page.; Checked URLs: https://www.grandpamirhotel.com/, https://www.grandpamirhotel.com/hakkimizda.html, https://www.grandpamirhotel.com/iletisim.html; No inferred email used."
2026-06-14,grand-reis-hotel-grandreisotel-com-91309892a9,Grand Reis Hotel,,hotel,https://www.grandreisotel.com/,,+905345414191,info@grandreisotel.com,https://www.grandreisotel.com/ileti%C5%9Fim,https://www.grandreisotel.com/,,https://www.grandreisotel.com/ileti%C5%9Fim,,,100,Verified hotel page with source-valid email and phone. Checked 4 page(s).,Hotel/accommodation keywords verified.,"Email extracted from mailto link on official/relevant page.; Checked URLs: https://www.grandreisotel.com/, https://www.grandreisotel.com/ileti%C5%9Fim, https://www.grandreisotel.com/galeri, https://www.grandreisotel.com/randevu; No inferred email used."
2026-06-14,grand-rosa-hotel-grandrosahotel-com-d19a1efdee,Grand Rosa Hotel,,hotel,https://www.grandrosahotel.com/tr,,+902125161192,info@grandrosahotel.com,https://www.grandrosahotel.com/tr,https://www.grandrosahotel.com/tr,,https://www.grandrosahotel.com/tr,,,100,Verified hotel page with source-valid email and phone. Checked 4 page(s).,Hotel/accommodation keywords verified.,"Email extracted from official/relevant page HTML/text.; Checked URLs: https://www.grandrosahotel.com/tr, https://www.grandrosahotel.com/tr/about, https://www.grandrosahotel.com/tr/contact, https://www.grandrosahotel.com/tr/kvkk; No inferred email used."
2026-06-14,grand-tower-hotel-thegrandtowerhotel-com-22cb3fbbc2,Grand Tower Hotel,,hotel,https://www.thegrandtowerhotel.com/,@thegrandtowerhotel,+902126380004,reception@thegrandtowerhotel.com,https://www.thegrandtowerhotel.com/,https://www.thegrandtowerhotel.com/,https://www.thegrandtowerhotel.com/,https://www.thegrandtowerhotel.com/,,,100,Verified hotel page with source-valid email and phone. Checked 2 page(s).,Hotel/accommodation keywords verified.,"Email extracted from mailto link on official/relevant page.; Checked URLs: https://www.thegrandtowerhotel.com/, https://www.thegrandtowerhotel.com/Pagesco/1/1/biz-kimiz-; No inferred email used."
2026-06-14,green-parrot-hotel-greenparrothotel-com-6a1af4d425,Green Parrot Hotel,,hotel,https://greenparrothotel.com/,,+902128307608,info@greenparrothotel.com,https://greenparrothotel.com/,https://greenparrothotel.com/,,https://greenparrothotel.com/,,,100,Verified hotel page with source-valid email and phone. Checked 3 page(s).,Hotel/accommodation keywords verified.,"Email decoded from Cloudflare email-protection on official hotel page.; Checked URLs: https://greenparrothotel.com/, https://greenparrothotel.com/about, https://greenparrothotel.com/contact; No inferred email used."
2026-06-14,g-lhane-corner-hotel-hotelgulhanecorner-com-43242f90b8,Gülhane Corner Hotel,,hotel,http://hotelgulhanecorner.com/,@gulhanecorner_hotel,+902125207233,info@hotelgulhanecorner.com,http://hotelgulhanecorner.com/,http://hotelgulhanecorner.com/,http://hotelgulhanecorner.com/,http://hotelgulhanecorner.com/,,,100,Verified hotel page with source-valid email and phone. Checked 3 page(s).,Hotel/accommodation keywords verified.,"Email extracted from mailto link on official/relevant page.; Checked URLs: http://hotelgulhanecorner.com/, http://hotelgulhanecorner.com/about.html, http://hotelgulhanecorner.com/contact.html; No inferred email used."
2026-06-14,h-l-suites-hlsuites-com-e180e38559,H & L Suites,,hotel,https://hlsuites.com/tr,,+905302509170,info@hlsuites.com,https://hlsuites.com/tr/iletisim,https://hlsuites.com/tr,,https://hlsuites.com/tr,,,100,Verified hotel page with source-valid email and phone. Checked 3 page(s).,Hotel/accommodation keywords verified.,"Email extracted from mailto link on official/relevant page.; Checked URLs: https://hlsuites.com/tr, https://hlsuites.com/tr/hakkimizda, https://hlsuites.com/tr/iletisim; No inferred email used."
2026-06-14,hotel-carpet-halihotel-com-8e7caf179a,HOTEL CARPET,,hotel,https://halihotel.com/,@halihotel,+902125162170,halihotel@halihotel.com,https://halihotel.com/,https://halihotel.com/,https://halihotel.com/,https://halihotel.com/,,,100,Verified hotel page with source-valid email and phone. Checked 6 page(s).,Hotel/accommodation keywords verified.,"Email extracted from mailto link on official/relevant page.; Checked URLs: https://halihotel.com/, https://halihotel.com/corporate/, https://halihotel.com/contact-us/, https://halihotel.com/reservation/, https://halihotel.com/contact-us/; No inferred email used."
2026-06-14,hotel-mekke-mekkehotel-com-3e78561062,HOTEL MEKKE,,hotel,https://mekkehotel.com/,@themefusion,+902125293098,otelmekke@hotmail.com,https://mekkehotel.com/,https://mekkehotel.com/,https://mekkehotel.com/,https://mekkehotel.com/,,,95,Verified hotel page with source-valid email and phone. Checked 4 page(s).,Hotel/accommodation keywords verified.,"Email extracted from mailto link on official/relevant page.; Checked URLs: https://mekkehotel.com/, https://mekkehotel.com/rezervation/, https://mekkehotel.com/about/, https://mekkehotel.com/contact/; No inferred email used."
2026-06-14,hacibayramhotel-hacibayramhotel-com-d4d25cdaf3,HaciBayramHotel,,hotel,https://www.hacibayramhotel.com/,@hacibayramhotel,+902128125373,info@hacibayramhotel.com,https://www.hacibayramhotel.com/contact,https://www.hacibayramhotel.com/,https://www.hacibayramhotel.com/,https://www.hacibayramhotel.com/,,,100,Verified hotel page with source-valid email and phone. Checked 3 page(s).,Hotel/accommodation keywords verified.,"Email extracted from mailto link on official/relevant page.; Checked URLs: https://www.hacibayramhotel.com/, https://www.hacibayramhotel.com/about, https://www.hacibayramhotel.com/contact; No inferred email used."
2026-06-14,hanende-hotel-hanende-com-tr-a1791e9d65,Hanende HOTEL,,hotel,https://hanende.com.tr/,@hanendehotel,+905434263633,info@hanende.com.tr,https://hanende.com.tr/,https://hanende.com.tr/,https://hanende.com.tr/,https://hanende.com.tr/,,,100,Verified hotel page with source-valid email and phone. Checked 2 page(s).,Hotel/accommodation keywords verified.,"Email decoded from Cloudflare email-protection on official hotel page.; Checked URLs: https://hanende.com.tr/, https://hanende.com.tr/contact/; No inferred email used."
2026-06-14,hanna-hotel-hannaotel-com-37b42c1ab0,Hanna Hotel,,hotel,https://www.hannaotel.com/,@otel_hanna,+902125311082,info@hannaotel.com,https://www.hannaotel.com/,https://www.hannaotel.com/,https://www.hannaotel.com/,https://www.hannaotel.com/,,,100,Verified hotel page with source-valid email and phone. Checked 3 page(s).,Hotel/accommodation keywords verified.,"Email extracted from mailto link on official/relevant page.; Checked URLs: https://www.hannaotel.com/, https://www.hannaotel.com/hakkimizda/index.htm, https://www.hannaotel.com/iletisim/index.htm; No inferred email used."
2026-06-14,harmony-hotel-istanbulharmony-com-70d9abd45f,Harmony Hotel,,hotel,http://www.istanbulharmony.com/,,+902125188700,info@istanbulharmony.com,http://www.istanbulharmony.com/contact.php,http://www.istanbulharmony.com/,,http://www.istanbulharmony.com/,,,100,Verified hotel page with source-valid email and phone. Checked 3 page(s).,Hotel/accommodation keywords verified.,"Email extracted from mailto link on official/relevant page.; Checked URLs: http://www.istanbulharmony.com/, http://www.istanbulharmony.com/about.php, http://www.istanbulharmony.com/contact.php; No inferred email used."
2026-06-14,hayriye-han-m-kona-hotel-hhkhotel-com-3e9eae44e7,Hayriye Hanım Konağı Hotel,,hotel,http://www.hhkhotel.com/,,+902125130026,info@hhkhotel.com,http://www.hhkhotel.com/,http://www.hhkhotel.com/,,http://www.hhkhotel.com/,,,100,Verified hotel page with source-valid email and phone. Checked 3 page(s).,Hotel/accommodation keywords verified.,"Email extracted from mailto link on official/relevant page.; Checked URLs: http://www.hhkhotel.com/, http://www.hhkhotel.com/about-us.php, http://www.hhkhotel.com/contact.php; No inferred email used."
2026-06-14,historia-hotel-historiahotel-com-24749c042b,Historia Hotel,,hotel,http://www.historiahotel.com/,,+902125177472,info@historiahotel.com,http://www.historiahotel.com/,http://www.historiahotel.com/,,http://www.historiahotel.com/,,,100,Verified hotel page with source-valid email and phone. Checked 2 page(s).,Hotel/accommodation keywords verified.,"Email extracted from mailto link on official/relevant page.; Checked URLs: http://www.historiahotel.com/, http://www.historiahotel.com/pages/contact; No inferred email used."
2026-06-14,holiday-inn-istanbul-old-city-by-ihg-ihg-com-714196c657,Holiday Inn Istanbul - Old City by IHG,,hotel,https://www.ihg.com/holidayinn/hotels/gb/en/istanbul/istod/hoteldetail,@holidayinn,+902125281865,info@hiistanbuloldcity.com,https://www.ihg.com/holidayinn/hotels/gb/en/istanbul/istod/hoteldetail,https://www.ihg.com/holidayinn/hotels/gb/en/istanbul/istod/hoteldetail,https://www.ihg.com/holidayinn/hotels/gb/en/istanbul/istod/hoteldetail,https://www.ihg.com/holidayinn/hotels/gb/en/istanbul/istod/hoteldetail,,,100,Verified hotel page with source-valid email and phone. Checked 8 page(s).,Hotel/accommodation keywords verified.,"Email extracted from mailto link on official/relevant page.; Checked URLs: https://www.ihg.com/holidayinn/hotels/gb/en/istanbul/istod/hoteldetail, https://www.ihg.com/holidayinn/hotels/gb/en/reservation, https://www.ihg.com/holidayinn/hotels/gb/en/stay-mgmt/ManageYourStay, https://www.ihg.com/hotels/gb/en/reservation, https://www.ihg.com/regent/hotels/gb/en/reservation; No inferred email used."
2026-06-14,holiday-inn-istanbul-city-by-ihg-ihg-com-2451064b76,Holiday Inn Istanbul City by IHG,,hotel,https://www.ihg.com/holidayinn/hotels/gb/en/istanbul/istmc/hoteldetail,@holidayinn,+902125309900,reservation@hiistanbulcity.com.tr,https://www.ihg.com/holidayinn/hotels/gb/en/istanbul/istmc/hoteldetail,https://www.ihg.com/holidayinn/hotels/gb/en/istanbul/istmc/hoteldetail,https://www.ihg.com/holidayinn/hotels/gb/en/istanbul/istmc/hoteldetail,https://www.ihg.com/holidayinn/hotels/gb/en/istanbul/istmc/hoteldetail,,,100,Verified hotel page with source-valid email and phone. Checked 8 page(s).,Hotel/accommodation keywords verified.,"Email extracted from mailto link on official/relevant page.; Checked URLs: https://www.ihg.com/holidayinn/hotels/gb/en/istanbul/istmc/hoteldetail, https://www.ihg.com/holidayinn/hotels/gb/en/reservation, https://www.ihg.com/holidayinn/hotels/gb/en/stay-mgmt/ManageYourStay, https://www.ihg.com/hotels/gb/en/reservation, https://www.ihg.com/regent/hotels/gb/en/reservation; No inferred email used."
2026-06-14,hotel-1207-special-class-sultanahmet-hotel1207-com-b56114c7b0,Hotel 1207 Special Class Sultanahmet,,hotel,https://www.hotel1207.com/,,+908508408606,info@e-cloud.web.tr,https://www.hotel1207.com/,https://www.hotel1207.com/,,https://www.hotel1207.com/,,,100,Verified hotel page with source-valid email and phone. Checked 1 page(s).,Hotel/accommodation keywords verified.,Email decoded from Cloudflare email-protection on official hotel page.; Checked URLs: https://www.hotel1207.com/; No inferred email used.
2026-06-14,hotel-aky-ld-z-otelcilik-ve-turizm-san-tic-ltd-ti-akyildizhotel-com-tr-2d138ed216,Hotel Akyıldız Otelcilik ve Turizm San. Tic. Ltd. Şti.,,hotel,https://www.akyildizhotel.com.tr/,,+902125306960,info@akyildizhotel.com.tr,https://www.akyildizhotel.com.tr/iletisim/,https://www.akyildizhotel.com.tr/,,https://www.akyildizhotel.com.tr/,,,100,Verified hotel page with source-valid email and phone. Checked 5 page(s).,Hotel/accommodation keywords verified.,"Email extracted from mailto link on official/relevant page.; Checked URLs: https://www.akyildizhotel.com.tr/, https://www.akyildizhotel.com.tr/hakkimizda/, https://www.akyildizhotel.com.tr/iletisim/, https://www.akyildizhotel.com.tr/hakkimizda/, https://www.akyildizhotel.com.tr/iletisim/; No inferred email used."
2026-06-14,hotel-alilass-hotelalilass-com-59ced931bf,Hotel Alilass,,hotel,https://www.hotelalilass.com/,@hotelalilass,+902125168860,info@hotelalilass.com,https://www.hotelalilass.com/,https://www.hotelalilass.com/,https://www.hotelalilass.com/,https://www.hotelalilass.com/,,,100,Verified hotel page with source-valid email and phone. Checked 3 page(s).,Hotel/accommodation keywords verified.,"Email extracted from mailto link on official/relevant page.; Checked URLs: https://www.hotelalilass.com/, https://www.hotelalilass.com/about-us/, https://www.hotelalilass.com/contact/; No inferred email used."
2026-06-14,hotel-baver-baverhotel-com-aabf0efeae,Hotel Baver,,hotel,http://baverhotel.com/,,+902125323132,info@baverhotel.com,http://baverhotel.com/,http://baverhotel.com/,,http://baverhotel.com/,,,100,Verified hotel page with source-valid email and phone. Checked 3 page(s).,Hotel/accommodation keywords verified.,"Email extracted from mailto link on official/relevant page.; Checked URLs: http://baverhotel.com/, http://baverhotel.com/about.php, http://baverhotel.com/contact.php; No inferred email used."
2026-06-14,hotel-boulevard-bulvarhotel-com-31a2c227de,Hotel Boulevard,,hotel,http://www.bulvarhotel.com/,,+902123303450,info@bulvarhotel.com,http://www.bulvarhotel.com/,http://www.bulvarhotel.com/,,http://www.bulvarhotel.com/,,,100,Verified hotel page with source-valid email and phone. Checked 3 page(s).,Hotel/accommodation keywords verified.,"Email decoded from Cloudflare email-protection on official hotel page.; Checked URLs: http://www.bulvarhotel.com/, http://www.bulvarhotel.com/Home/About, http://www.bulvarhotel.com/Home/Contact; No inferred email used."
2026-06-14,hotel-broken-column-hotelbrokencolumn-com-67ebe5335d,Hotel Broken Column,,hotel,https://hotelbrokencolumn.com/,,+902125187165,info@hotelbrokencolumn.com,https://hotelbrokencolumn.com/contact/,https://hotelbrokencolumn.com/,,https://hotelbrokencolumn.com/contact/,,,100,Verified hotel page with source-valid email and phone. Checked 3 page(s).,Hotel/accommodation keywords verified.,"Email extracted from mailto link on official/relevant page.; Checked URLs: https://hotelbrokencolumn.com/, https://hotelbrokencolumn.com/about/, https://hotelbrokencolumn.com/contact/; No inferred email used."
2026-06-14,hotel-budo-budohotel-com-577cf4d47e,Hotel Budo,,hotel,http://www.budohotel.com/,,+902125262727,info@budohotel.com,http://www.budohotel.com/,http://www.budohotel.com/,,http://www.budohotel.com/,,,100,Verified hotel page with source-valid email and phone. Checked 2 page(s).,Hotel/accommodation keywords verified.,"Email extracted from mailto link on official/relevant page.; Checked URLs: http://www.budohotel.com/, http://www.budohotel.com/contact.html; No inferred email used."
2026-06-14,hotel-buyuk-keban-hotelbuyukkeban-com-30d4e401e7,Hotel Buyuk Keban,,hotel,https://www.hotelbuyukkeban.com/,,+902125120020,reservations@hotelbuyukkeban.com,https://www.hotelbuyukkeban.com/,https://www.hotelbuyukkeban.com/,,https://www.hotelbuyukkeban.com/,,,100,Verified hotel page with source-valid email and phone. Checked 5 page(s).,Hotel/accommodation keywords verified.,"Email extracted from mailto link on official/relevant page.; Checked URLs: https://www.hotelbuyukkeban.com/, https://www.hotelbuyukkeban.com/affordable-hotel-rooms-istanbul, https://www.hotelbuyukkeban.com/about-best-three-star-hotel-istanbul, https://www.hotelbuyukkeban.com/istanbul-old-city-three-star-hotel-contact-us, https://www.hotelbuyukkeban.com/copy-of-about-the-hotel; No inferred email used."
2026-06-14,hotel-b-y-k-hamit-hotelbuyukhamit-com-55428d6c63,Hotel Büyük Hamit,,hotel,https://www.hotelbuyukhamit.com/tr,@buyukhamitotel,+905333351451,info@hotelbuyukhamit.com,https://www.hotelbuyukhamit.com/tr/about,https://www.hotelbuyukhamit.com/tr,https://www.hotelbuyukhamit.com/tr,https://www.hotelbuyukhamit.com/tr,,,100,Verified hotel page with source-valid email and phone. Checked 4 page(s).,Hotel/accommodation keywords verified.,"Email decoded from Cloudflare email-protection on official hotel page.; Checked URLs: https://www.hotelbuyukhamit.com/tr, https://www.hotelbuyukhamit.com/tr/about, https://www.hotelbuyukhamit.com/tr/contact, https://www.hotelbuyukhamit.com/tr/kvkk; No inferred email used."
2026-06-14,hotel-centrum-istanbul-hotelcentrumistanbul-com-34a9e830e9,Hotel Centrum Istanbul,,hotel,http://www.hotelcentrumistanbul.com/,,+902125133570,info@hotelcentrumistanbul.com,http://www.hotelcentrumistanbul.com/,http://www.hotelcentrumistanbul.com/,,http://www.hotelcentrumistanbul.com/,,,100,Verified hotel page with source-valid email and phone. Checked 1 page(s).,Hotel/accommodation keywords verified.,Email extracted from official/relevant page HTML/text.; Checked URLs: http://www.hotelcentrumistanbul.com/; No inferred email used.
2026-06-14,hotel-erboy-erboyhotel-com-b1508548f7,Hotel Erboy,,hotel,https://www.erboyhotel.com/,@erboyhotel,+902125133750,info@erboyhotel.com,https://www.erboyhotel.com/contact.php,https://www.erboyhotel.com/,https://www.erboyhotel.com/,https://www.erboyhotel.com/,,,100,Verified hotel page with source-valid email and phone. Checked 3 page(s).,Hotel/accommodation keywords verified.,"Email extracted from mailto link on official/relevant page.; Checked URLs: https://www.erboyhotel.com/, https://www.erboyhotel.com/about.php, https://www.erboyhotel.com/contact.php; No inferred email used."
2026-06-14,hotel-evsen-hotelevsen-com-86eb7c78cc,Hotel Evsen,,hotel,https://www.hotelevsen.com/,@hotelevsenistanbul,+902125276295,contact@hotelevsen.com,https://www.hotelevsen.com/,https://www.hotelevsen.com/,https://www.hotelevsen.com/,https://www.hotelevsen.com/,,,100,Verified hotel page with source-valid email and phone. Checked 4 page(s).,Hotel/accommodation keywords verified.,"Email decoded from Cloudflare email-protection on official hotel page.; Checked URLs: https://www.hotelevsen.com/, https://www.hotelevsen.com/pages/about-us, https://www.hotelevsen.com/pages/contact, https://www.hotelevsen.com/bv3/search; No inferred email used."
2026-06-14,hotel-fehmi-bey-hotelfehmibey-com-7c2eaa2064,Hotel Fehmi Bey,,hotel,http://www.hotelfehmibey.com/pages/contact,@hotel_fehmibey,+902126389083,nese@fehmibey.com,http://www.hotelfehmibey.com/pages/contact,http://www.hotelfehmibey.com/pages/contact,http://www.hotelfehmibey.com/pages/contact,http://www.hotelfehmibey.com/pages/contact,,,100,Verified hotel page with source-valid email and phone. Checked 2 page(s).,Hotel/accommodation keywords verified.,"Email extracted from mailto link on official/relevant page.; Checked URLs: http://www.hotelfehmibey.com/pages/contact, http://www.hotelfehmibey.com/pages/about; No inferred email used."
2026-06-14,hotel-grand-washington-grand-washington-com-81dd3bdada,Hotel Grand Washington,,hotel,http://www.grand-washington.com/,,+902125116371,info@grand-washington.com,http://www.grand-washington.com/,http://www.grand-washington.com/,,http://www.grand-washington.com/,,,100,Verified hotel page with source-valid email and phone. Checked 3 page(s).,Hotel/accommodation keywords verified.,"Email extracted from mailto link on official/relevant page.; Checked URLs: http://www.grand-washington.com/, http://www.grand-washington.com/pages/about, http://www.grand-washington.com/pages/contact; No inferred email used."
2026-06-14,hotel-grand-i-stanbul-hotelgrandistanbul-com-70a8a22829,Hotel Grand İstanbul,,hotel,https://hotelgrandistanbul.com/,@hotelgrandistanbul,+902125861112,info@hotelgrandistanbul.com,https://hotelgrandistanbul.com/contact.php,https://hotelgrandistanbul.com/,https://hotelgrandistanbul.com/,https://hotelgrandistanbul.com/,,,100,Verified hotel page with source-valid email and phone. Checked 3 page(s).,Hotel/accommodation keywords verified.,"Email extracted from mailto link on official/relevant page.; Checked URLs: https://hotelgrandistanbul.com/, https://hotelgrandistanbul.com/about.php, https://hotelgrandistanbul.com/contact.php; No inferred email used."
2026-06-14,hotel-g-l-sultan-gulsultanhotel-com-364e028c35,Hotel Gül Sultan,,hotel,http://www.gulsultanhotel.com/,,+902125173873,info@gulsultanhotel.com,http://www.gulsultanhotel.com/,http://www.gulsultanhotel.com/,,http://www.gulsultanhotel.com/kisisel-verilerin-korunmasi-kanunu-aydinlatma-metni.php,,,100,Verified hotel page with source-valid email and phone. Checked 5 page(s).,Hotel/accommodation keywords verified.,"Email extracted from official/relevant page HTML/text.; Checked URLs: http://www.gulsultanhotel.com/, http://www.gulsultanhotel.com/aboutus.php, http://www.gulsultanhotel.com/contact.php, http://www.gulsultanhotel.com/booking.php, http://www.gulsultanhotel.com/kisisel-verilerin-korunmasi-kanunu-aydinlatma-metni.php; No inferred email used."
2026-06-14,hotel-hamzabey-otelhamzabey-com-2283bee18f,Hotel HamzaBey,,hotel,https://www.otelhamzabey.com/,,+902125267910,otelhamzabey@gmail.com,https://www.otelhamzabey.com/,https://www.otelhamzabey.com/,,https://www.otelhamzabey.com/,,,95,Verified hotel page with source-valid email and phone. Checked 5 page(s).,Hotel/accommodation keywords verified.,"Email extracted from official/relevant page HTML/text.; Checked URLs: https://www.otelhamzabey.com/, https://www.otelhamzabey.com/kurumsal/hakkimizda, https://www.otelhamzabey.com/iletisim, https://www.otelhamzabey.com/hizmet/724-resepsiyon-hizmeti/2, https://www.otelhamzabey.com/hizmet/rezervasyon-hizmeti/3; No inferred email used."
2026-06-14,hotel-istanbul-trend-hotelistanbultrend-com-b39371bb81,Hotel Istanbul Trend,,hotel,https://www.hotelistanbultrend.com/,,+902125187575,info@hotelistanbultrend.com,https://www.hotelistanbultrend.com/contact.php,https://www.hotelistanbultrend.com/,,https://www.hotelistanbultrend.com/,,,100,Verified hotel page with source-valid email and phone. Checked 3 page(s).,Hotel/accommodation keywords verified.,"Email extracted from mailto link on official/relevant page.; Checked URLs: https://www.hotelistanbultrend.com/, https://www.hotelistanbultrend.com/about.php, https://www.hotelistanbultrend.com/contact.php; No inferred email used."
2026-06-14,hotel-kupeli-hotelkupeli-com-95d24dacab,Hotel Kupeli,,hotel,https://www.hotelkupeli.com/en,,+902124585650,info@hotelkupeli.com,https://www.hotelkupeli.com/en,https://www.hotelkupeli.com/en,,https://www.hotelkupeli.com/en,,,100,Verified hotel page with source-valid email and phone. Checked 3 page(s).,Hotel/accommodation keywords verified.,"Email extracted from official/relevant page HTML/text.; Checked URLs: https://www.hotelkupeli.com/en, https://www.hotelkupeli.com/en/about-us, https://www.hotelkupeli.com/en/contact-us; No inferred email used."
2026-06-14,hotel-momento-i-stanbul-momentohotelsistanbul-com-d920df22ce,Hotel Momento İstanbul,,hotel,https://www.momentohotelsistanbul.com/,@momentohotel,+902126535050,sales@hotelmomento.com,https://www.momentohotelsistanbul.com/,https://www.momentohotelsistanbul.com/,https://www.momentohotelsistanbul.com/,https://www.momentohotelsistanbul.com/,,,100,Verified hotel page with source-valid email and phone. Checked 7 page(s).,Hotel/accommodation keywords verified.,"Email extracted from mailto link on official/relevant page.; Checked URLs: https://www.momentohotelsistanbul.com/, https://www.momentohotelsistanbul.com/momento-hotel-beyazit-about-us, https://www.momentohotelsistanbul.com/momento-hotel-beyazit-contact, https://www.momentohotelsistanbul.com/momento_hotel_golden_horn_about_us, https://www.momentohotelsistanbul.com/momento_hotel_golden_horn_contact; No inferred email used."
2026-06-14,hotel-nena-hotelnena-com-2cb9377919,Hotel Nena,,hotel,https://www.hotelnena.com/,@explore,+902125165264,info@hotelnena.com,https://www.hotelnena.com/tr/iletisim,https://www.hotelnena.com/,https://www.hotelnena.com/,https://www.hotelnena.com/tr/iletisim,,,100,Verified hotel page with source-valid email and phone. Checked 2 page(s).,Hotel/accommodation keywords verified.,"Email extracted from official/relevant page HTML/text.; Checked URLs: https://www.hotelnena.com/, https://www.hotelnena.com/tr/iletisim; No inferred email used."
2026-06-14,hotel-new-house-hotelnewhouse-com-e92332918c,Hotel New House,,hotel,https://www.hotelnewhouse.com/,,+905346212726,info@hotelnewhouse.com,https://www.hotelnewhouse.com/,https://www.hotelnewhouse.com/,,https://www.hotelnewhouse.com/,,,100,Verified hotel page with source-valid email and phone. Checked 5 page(s).,Hotel/accommodation keywords verified.,"Email extracted from official/relevant page HTML/text.; Checked URLs: https://www.hotelnewhouse.com/, https://www.hotelnewhouse.com/kurumsal/hakkimizda, https://www.hotelnewhouse.com/iletisim, https://www.hotelnewhouse.com/hizmet/724-resepsiyon-hizmeti/2, https://www.hotelnewhouse.com/hizmet/rezervasyon-hizmeti/3; No inferred email used."
2026-06-14,hotel-padova-istanbulpadovahotel-com-fa6b6218df,Hotel Padova,,hotel,http://www.istanbulpadovahotel.com/,,+902125161120,info@istanbulpadovahotel.com,http://www.istanbulpadovahotel.com/contact.asp,http://www.istanbulpadovahotel.com/,,http://www.istanbulpadovahotel.com/contact.asp,,,100,Verified hotel page with source-valid email and phone. Checked 3 page(s).,Hotel/accommodation keywords verified.,"Email extracted from mailto link on official/relevant page.; Checked URLs: http://www.istanbulpadovahotel.com/, http://www.istanbulpadovahotel.com/about.asp, http://www.istanbulpadovahotel.com/contact.asp; No inferred email used."
2026-06-14,hotel-ravi-hotelravi-com-65a5c460be,Hotel Ravi,,hotel,https://www.hotelravi.com/,@hotelravisultanahmet,+902129010662,info@hotelravi.com,https://www.hotelravi.com/,https://www.hotelravi.com/,https://www.hotelravi.com/,https://www.hotelravi.com/,,,100,Verified hotel page with source-valid email and phone. Checked 4 page(s).,Hotel/accommodation keywords verified.,"Email extracted from mailto link on official/relevant page.; Checked URLs: https://www.hotelravi.com/, https://www.hotelravi.com/about.php, https://www.hotelravi.com/contact.php, https://www.hotelravi.com/kvkk.php; No inferred email used."
2026-06-14,hotel-real-life-hotelreallife-com-f6179f9c7e,Hotel Real Life,,hotel,http://www.hotelreallife.com/,,+902125869747,info@hotelreallife.com,http://www.hotelreallife.com/,http://www.hotelreallife.com/,,http://www.hotelreallife.com/,,,100,Verified hotel page with source-valid email and phone. Checked 3 page(s).,Hotel/accommodation keywords verified.,"Email extracted from mailto link on official/relevant page.; Checked URLs: http://www.hotelreallife.com/, http://www.hotelreallife.com/reservation.html, http://www.hotelreallife.com/contact.html; No inferred email used."
2026-06-14,hotel-resit-pasa-hotelresitpasa-com-5316aca8d8,Hotel Resit Pasa,,hotel,http://hotelresitpasa.com/,,+902125224792,info@hotelresitpasa.com,http://hotelresitpasa.com/,http://hotelresitpasa.com/,,http://hotelresitpasa.com/,,,100,Verified hotel page with source-valid email and phone. Checked 3 page(s).,Hotel/accommodation keywords verified.,"Email extracted from mailto link on official/relevant page.; Checked URLs: http://hotelresitpasa.com/, http://hotelresitpasa.com/about.php, http://hotelresitpasa.com/contact.php; No inferred email used."
2026-06-14,hotel-rio-hotelriolaleli-com-f58926c2fc,Hotel Rio,,hotel,https://www.hotelriolaleli.com/,,+902125186181,iletisim@hotelriolaleli.com,https://www.hotelriolaleli.com/,https://www.hotelriolaleli.com/,,https://www.hotelriolaleli.com/,,,100,Verified hotel page with source-valid email and phone. Checked 3 page(s).,Hotel/accommodation keywords verified.,"Email decoded from Cloudflare email-protection on official hotel page.; Checked URLs: https://www.hotelriolaleli.com/, https://www.hotelriolaleli.com/hakkimizda, https://www.hotelriolaleli.com/iletisim; No inferred email used."
